ref_area,time,n_strikes_lockouts,workers_involved,days_not_worked
Algeria,1989,2290,,
Algeria,1990,2023,301.694,
Algeria,1991,1034,71.581,
Algeria,1992,493,113.138,
Algeria,1993,537,120.348,1800000
Algeria,1994,410,130.266,969474
Algeria,1995,432,132.773,891653
Algeria,1996,441,127.37,922737
Algeria,1997,292,77.554,648694
Algeria,1998,195,53.421,202558
Algeria,1999,173,33.989,242665
Algeria,2000,187,65.152,436555
Algeria,2001,176,50.229,237776
Algeria,2002,175,81.851,533764
Algeria,2003,23,83.919,181045
Algeria,2004,35,56.861,628838
Anguilla,1989,1,0.029,
Anguilla,1990,1,0.128,
Anguilla,1991,0,0,
Anguilla,1992,0,0,
Anguilla,1993,0,0,
Anguilla,1994,0,0,
Anguilla,1995,0,0,
Anguilla,1996,0,0,
Anguilla,1997,0,0,0
Antigua and Barbuda,1978,6,,
Antigua and Barbuda,1979,12,,
Antigua and Barbuda,1980,2,,
Antigua and Barbuda,1981,7,,
Antigua and Barbuda,1982,1,,
Antigua and Barbuda,1983,6,,
Antigua and Barbuda,1984,0,,
Antigua and Barbuda,1985,0,,
Antigua and Barbuda,1986,2,,
Antigua and Barbuda,1987,1,,
Antigua and Barbuda,1988,0,,
Antigua and Barbuda,1989,2,,
Antigua and Barbuda,1990,4,,
Antigua and Barbuda,1991,0,,
Antigua and Barbuda,1992,3,0.666,1245
Antigua and Barbuda,1993,2,0.075,150
Antigua and Barbuda,1994,0,0,0
Antigua and Barbuda,1995,1,,
Antigua and Barbuda,1996,2,0.332,45.5
Antigua and Barbuda,2024,0,,
Argentina,1974,543,271.697,651555
Argentina,1975,1266,,
Argentina,1987,638,5464.166,10561805
Argentina,1988,463,3256.771,7876899
Argentina,1989,193,1737.228,2331227
Argentina,1999,,2497.746,6248966
Argentina,2000,,6760.85,12392241
Argentina,2006,,1151.871,6332776
Argentina,2007,,1149.577,8396498
Argentina,2008,,1793.595,8300793
Argentina,2009,888,1433.248,8932016
Argentina,2010,958,1401.662,6674058
Argentina,2011,962,1058.281,4131835
Argentina,2012,1217,1490.971,8189703
Argentina,2013,1211,1393.06,7643731
Argentina,2014,1337,1458.238,11036819
Argentina,2015,1235,1147.777,4955667
Argentina,2016,1321,1705.169,10385401
Argentina,2017,1010,1266.601,10648393
Argentina,2018,833,1303.992,12273466
Argentina,2019,873,1068.856,6164329
Argentina,2020,842,1096.245,6877641
Argentina,2021,740,976.991,3710332
Argentina,2022,724,830.852,4563793
Argentina,2023,646,1072.966,4597152
Argentina,2024,614,1709.449,6183108
Armenia,2009,0,,
Armenia,2010,0,,
Aruba,1992,4,,14311
Aruba,1993,2,,988
Aruba,1994,4,,914
Aruba,1995,17,,4821
Aruba,1996,9,,2382
Aruba,2004,3,0.324,
Aruba,2005,1,0.04,40
Aruba,2006,1,0.04,10
Aruba,2007,3,0.222,52
Aruba,2013,,,1
Australia,1971,2404,1326.5,3068600
Australia,1972,2298,1113.8,2010300
Australia,1973,2538,803,2634700
Australia,1974,2809,2004.8,6292500
Australia,1975,2432,1398,3509900
Australia,1976,2055,2190.1,3799400
Australia,1977,2090,596.2,1654800
Australia,1978,2277,1075.6,2130800
Australia,1979,2042,1862.9,3964400
Australia,1980,2429,1172.6,3319700
Australia,1981,2915,1247.2,4189300
Australia,1982,2060,706.1,1980400
Australia,1983,1787,470.2,1641400
Australia,1984,1965,560.3,1307400
Australia,1985,1895,570.5,1256200
Australia,1986,1754,691.7,1390700
Australia,1987,1517,608.8,1311900
Australia,1988,1508,894.4,1641400
Australia,1989,1402,709.8,1202400
Australia,1990,1193,729.9,1376500
Australia,1991,1036,1181.6,1610600
Australia,1992,728,871.5,941200
Australia,1993,610,489.6,635800
Australia,1994,560,265.1,501600
Australia,1995,643,344.3,547600
Australia,1996,543,577.7,928500
Australia,1997,447,315.4,534200
Australia,1998,520,348.4,526300
Australia,1999,731,461.1,650600
Australia,2000,700,325.4,469100
Australia,2001,675,225.7,393100
Australia,2002,767,159.7,259000
Australia,2003,643,275.6,439400
Australia,2004,692,194,379800
Australia,2005,472,241,228300
Australia,2006,202,122.7,132600
Australia,2007,135,36,49700
Australia,2008,177,172.9,196500
Australia,2013,215,132.2,131000
Australia,2015,228,73.3,83400
Australia,2016,259,105.9,124500
Australia,2018,163,57.6,105800
Australia,2019,147,53.2,64400
Australia,2020,77,11.4,33500
Australia,2021,130,71.1,116600
Australia,2022,188,122.4,196800
Australia,2023,198,46,99300
Australia,2024,194,89.1,139100
Austria,1971,,2.431,3702
Austria,1972,,7.096,15104
Austria,1973,,78.251,160138
Austria,1974,,7.295,7243
Austria,1975,,3.783,5512
Austria,1976,,2.352,589
Austria,1977,,0.043,11
Austria,1978,,0.699,10222
Austria,1979,8,0.786,764
Austria,1980,9,24.181,16960
Austria,1981,6,17.115,4024
Austria,1982,2,0.091,344
Austria,1983,4,0.208,514
Austria,1984,2,0.268,543
Austria,1985,4,35.531,22752
Austria,1986,11,3.222,3253
Austria,1987,6,7.302,4822
Austria,1988,5,24.252,8542
Austria,1989,7,3.715,2986
Austria,1990,9,5.274,8870
Austria,1991,9,92.707,58341
Austria,1992,3,18.039,23437
Austria,1993,3,6.869,13008
Austria,1994,0,0,0
Austria,1995,1,0.06,120
Austria,1996,0,0,0
Austria,1997,1,25.8,19125
Austria,1998,0,0,0
Austria,1999,0,0,0
Austria,2000,4,19.439,2947
Austria,2001,0,0,0
Austria,2002,4,6.305,9306
Austria,2003,,779.182,1305466
Austria,2004,,0.03,178
Austria,2005,0,0,0
Austria,2006,0,0,0
Austria,2007,0,0,0
Austria,2008,0,0,0
Austria,2009,0,0,0
Austria,2010,0,0,0
Austria,2011,,87.034,56670
Austria,2012,,1.5,563
Austria,2013,,5.529,3277
Austria,2014,,5.196,3309
Austria,2015,0,0,0
Austria,2016,0,0,0
Austria,2017,0,0,0
Austria,2018,,37.923,8934
Austria,2019,,5.262,1973
Austria,2020,,9.883,3687
Austria,2021,,5.032,1421
Austria,2022,,15.336,14711
Austria,2023,,110.401,98605
Austria,2024,,14.114,9042
Bahamas,1986,0,0,0
Bahamas,1987,1,0.175,525
Bahamas,1988,1,0.35,700
Bahamas,1989,0,0,0
Bahamas,1990,0,0,0
Bahamas,1991,0,0,0
Bahamas,1992,0,0,0
Bahrain,2009,5,0.976,
Bahrain,2010,11,2.496,
Bangladesh,1969,55,113.194,561874
Bangladesh,1970,52,77.68,366901
Bangladesh,1971,9,35.324,70333
Bangladesh,1972,39,43.615,126000
Bangladesh,1973,58,35.027,285177
Bangladesh,1974,32,57.387,231736
Bangladesh,1975,2,28.327,162000
Bangladesh,1976,5,14.517,25618
Bangladesh,1977,22,76.675,81715
Bangladesh,1978,89,113.209,662332
Bangladesh,1979,96,114.248,647629
Bangladesh,1980,104,164.032,1160436
Bangladesh,1981,80,117.031,1198460
Bangladesh,1982,55,21.788,238658
Bangladesh,1983,16,175.787,392616
Bangladesh,1984,132,400.336,1022918
Bangladesh,1985,95,198.118,284920
Bangladesh,1986,46,105.977,2079671
Bangladesh,1987,18,88.795,175278
Bangladesh,1988,9,28.874,49398
Bangladesh,1989,12,59.701,83771
Bangladesh,1990,5,14.554,28479
Bangladesh,1991,3,0.454,29811
Bangladesh,1992,11,6.19,20339
Bangladesh,1993,11,6.101,16029
Bangladesh,1994,2,5.641,2821
Bangladesh,1995,5,24.656,75023
Bangladesh,1996,1,0.353,22
Bangladesh,1997,0,0,0
Bangladesh,1998,1,6.49,155760
Bangladesh,1999,4,2.296,1978
Bangladesh,2000,4,1.698,2284
Barbados,1969,3,0.489,2753
Barbados,1970,0,0,0
Barbados,1971,3,0.415,
Barbados,1972,7,1.353,1450
Barbados,1973,71,2.549,4147
Barbados,1974,2,0.55,2400
Barbados,1975,3,0.823,3431
Barbados,1976,2,0.282,129
Barbados,1977,0,0,0
Barbados,1978,0,0,0
Barbados,1979,1,0.045,270
Barbados,1980,7,2.166,14342
Barbados,1981,8,2.219,6982
Barbados,1982,17,6.084,8045
Barbados,1983,5,1.031,8949
Barbados,1984,3,0.582,939
Barbados,1985,5,0.886,5259
Barbados,1986,2,0.085,106
Barbados,1987,7,0.988,2320
Barbados,1988,10,0.862,697
Barbados,1989,12,2.654,3931
Barbados,1990,17,1.083,1754
Barbados,1991,10,0.604,643
Barbados,1992,12,4.591,36473
Barbados,1993,5,0.091,38
Barbados,1994,2,0.05,19
Barbados,1995,8,0.376,334
Barbados,1996,7,0.181,765
Barbados,1997,13,0.745,428
Barbados,1998,40,3.63,7452
Barbados,2001,24,3.831,5410.5
Barbados,2002,5,0.577,1911
Barbados,2009,24,0.648,648
Barbados,2010,0,0,0
Barbados,2013,9,,
Barbados,2014,10,,
Barbados,2015,8,530,530
Belarus,1989,26,3.7,11900
Belarus,1990,19,10.7,28900
Belarus,1991,47,63.2,279700
Belarus,1992,3,2.1,88900
Belarus,1993,2,0.2,500
Belarus,1994,3,3.1,5500
Belarus,1995,0,0,0
Belarus,1996,0,0,0
Belarus,1997,0,0,0
Belarus,1998,0,0,0
Belarus,1999,0,0,0
Belarus,2000,0,0,0
Belarus,2001,0,0,0
Belarus,2002,0,0,0
Belarus,2003,0,0,0
Belarus,2004,0,0,0
Belarus,2014,,0,
Belarus,2015,,,0
Belgium,1969,,36.547,162898
Belgium,1970,,111.002,1432274
Belgium,1971,184,100.066,1240472
Belgium,1972,191,70.57,354086
Belgium,1973,172,70.134,871872
Belgium,1974,235,60.764,580032
Belgium,1975,243,90.159,607809
Belgium,1976,281,117.8,896805
Belgium,1977,220,74.217,664236
Belgium,1978,195,101.703,1002489
Belgium,1979,215,61.844,615484
Belgium,1980,132,30.432,216754
Belgium,1981,,,0
Belgium,1982,,,0
Belgium,1983,,,0
Belgium,1984,,,0
Belgium,1985,65,37.5,129800
Belgium,1986,,,0
Belgium,1987,,,0
Belgium,1988,64,23.2,194000
Belgium,1989,81,19.5,132800
Belgium,1990,33,9.8,103000
Belgium,1991,62,11.2,66500
Belgium,1992,49,21.9,198700
Belgium,1993,28,8.5,54700
Belgium,1994,30,5.9,71300
Belgium,1995,46,12.8,100200
Belgium,1996,60,19.971,146256
Belgium,1997,17,9,40100
Belgium,1998,484,18.9,87100
Belgium,1999,64,12.145,76310
Belgium,2000,75,11.483,264919
Belgium,2001,,,460177
Belgium,2002,,,60954
Belgium,2003,,,239344
Belgium,2004,,,166287
Belgium,2005,,,669982
Belgium,2006,,,88941
Belgium,2007,,,127442
Belgium,2008,,,263613
Belgium,2014,,,760297
Belgium,2015,,,207563
Belgium,2016,,,409751.72
Belgium,2017,,,247717.52
Belgium,2018,,,422249.12
Belgium,2019,,224,802.97
Belgium,2020,,33,105.6
Belgium,2021,,35,93.2
Belgium,2022,,46,214.5
Belgium,2023,,176,1270
Belgium,2024,,2641,8250.2
Belize,2011,0,0,0
Belize,2012,0,0,0
Benin,2018,31,,255
Bermuda,1969,1,0.087,1392
Bermuda,1970,5,0.518,6098
Bermuda,1971,6,0.672,6107
Bermuda,1972,13,1.485,36006
Bermuda,1973,1,0.494,3613
Bermuda,1974,5,0.556,8444
Bermuda,1975,2,0.807,9545
Bermuda,1976,1,0.02,1260
Bermuda,1977,6,3.006,13392
Bermuda,1978,3,0.13,4200
Bermuda,1979,3,0.04,3280
Bermuda,1980,4,0.85,1640
Bermuda,1981,10,6.5,25600
Bermuda,1982,1,0.394,788
Bermuda,1983,26,1.187,1387
Bermuda,1984,10,0.924,14300
Bermuda,1985,4,0.358,479
Bermuda,1986,1,0.7,4200
Bermuda,1987,2,0.35,750
Bermuda,1988,0,0,0
Bermuda,1989,4,1.542,3582
Bermuda,1990,4,0.58,1570
Bermuda,1991,1,0.015,975
Bermuda,1992,1,0.2,840
Bermuda,1993,2,0.1,1020
Bermuda,1994,2,0.2,400
Bermuda,1995,1,0.15,150
Bermuda,1996,0,0,0
Bermuda,1997,3,0.52,790
Bhutan,2022,0,0,0
"Bolivia, Plurinational State of",1981,31,,
"Bolivia, Plurinational State of",1982,301,,
"Bolivia, Plurinational State of",1983,261,,
"Bolivia, Plurinational State of",1984,500,,
"Bolivia, Plurinational State of",1985,319,,
"Bolivia, Plurinational State of",1986,188,,
"Bolivia, Plurinational State of",1987,207,,
"Bolivia, Plurinational State of",1988,164,,
"Bolivia, Plurinational State of",1989,177,,
"Bolivia, Plurinational State of",1990,30,,
"Bolivia, Plurinational State of",1991,16,619,
"Bolivia, Plurinational State of",1992,22,340,
"Bolivia, Plurinational State of",1993,93,203,
"Bolivia, Plurinational State of",1994,40,667,
"Bolivia, Plurinational State of",1995,38,303,
"Bolivia, Plurinational State of",1996,117,,
"Bolivia, Plurinational State of",1997,222,,
"Bolivia, Plurinational State of",1998,145,,
"Bolivia, Plurinational State of",1999,174,,
Botswana,1994,7,1.135,
Botswana,1995,6,2.326,3440
Botswana,1996,6,0.334,699
Botswana,1997,19,3.506,1410
Botswana,1998,30,3.58,4285
Botswana,1999,10,2.221,33500
Botswana,2000,14,1.443,27794
Botswana,2002,4,0.242,
Botswana,2003,3,0.13,
Botswana,2004,5,3.386,
Botswana,2005,1,0.052,
Botswana,2006,2,0.232,
Botswana,2007,5,3.386,
Botswana,2008,1,0.052,1
Brazil,1980,81,,
Brazil,1981,79,,
Brazil,1982,126,,
Brazil,1983,312,,
Brazil,1984,534,,
Brazil,1985,843,5431,49575000
Brazil,1986,1494,7146,32173000
Brazil,1987,2369,8304,58956000
Brazil,1988,1954,7136,53495000
Brazil,1989,4189,14093,117792000
Brazil,1990,1846,14243,17000
Brazil,1991,659,16805,7000
Brazil,1992,347,3496.7,2260479
Brazil,1993,653,,69330771
Brazil,1994,1034,3806.493,16782201
Brazil,1995,1056,,22159769
Brazil,1996,1258,,21983377
Brazil,1997,630,,6893991
Brazil,1998,546,,16795023
Brazil,1999,508,,5934657
Brazil,2000,525,3834.116,238921522
Brazil,2001,416,797.139,71886654
Brazil,2002,298,1213.862,116620512
Brazil,2003,340,1943.223,340954860
Brazil,2004,302,1291.332,150484289
Brazil,2005,299,2023.18,230604495
Brazil,2006,320,1360.013,183776042
Brazil,2007,316,1437.769,237156516
Brazil,2008,411,2043.124,143432937
Brazil,2009,518,1568.034,4339
Brazil,2010,446,1582.746,5613
Brazil,2011,554,2050.021,7922
Brazil,2012,873,1771.953,10862
Brazil,2015,1980,1284678,17367.62
Brazil,2016,2127,760967,17718.25
Brazil,2017,1574,364566,12001.75
Brazil,2018,1461,167649,8709.88
Brazil,2019,1118,166199,5697.25
Brazil,2020,,133480,18.9
Burkina Faso,1969,2,1.496,11472
Burkina Faso,1970,3,0.287,674
Burkina Faso,1971,2,0.252,328
Burkina Faso,1972,2,0.042,1890
Burkina Faso,1973,7,,
Burkina Faso,1974,10,,
Burkina Faso,1976,4,6.679,18967
Burkina Faso,1977,0,0,0
Burkina Faso,1978,3,0.245,1665
Burkina Faso,1980,7,12.2,213600
Burkina Faso,1991,3,0.321,1692
Burkina Faso,2022,5,,
Burundi,1995,0,1.416,
Burundi,1996,0,0.12,
Burundi,1997,0,0.6,
Burundi,1998,2,0.33,
Burundi,1999,2,6.5,
Burundi,2000,3,3.46,31140
Burundi,2001,4,5.42,54200
Burundi,2023,,0.663,
Cambodia,1994,2,0.833,2765
Cambodia,1997,1,0.2,
Cambodia,1998,10,5.17,98230
Cambodia,1999,78,34,4828000
Cambodia,2000,76,36.039,3315588
Cambodia,2001,95,38.558,60358
Cameroon,1969,9,10.216,12736
Cameroon,1970,4,1.857,999
Cameroon,1971,32,2.53,17810
Cameroon,1972,5,3.901,94
Cameroon,1973,7,8.124,509
Cameroon,1974,10,6.313,231746
Cameroon,1975,12,3.861,122068
Cameroon,1976,3,1.377,13788
Cameroon,1977,0,0,0
Cameroon,1978,6,5.965,23617
Cameroon,1979,1,0.745,745
Cameroon,1980,0,0,0
Cameroon,1981,4,0.585,1932
Cameroon,1986,11,0.046,
Canada,1969,595,306.799,7751880
Canada,1970,542,261.706,6539560
Canada,1971,569,239.631,2866590
Canada,1972,598,706.474,7753530
Canada,1973,724,348.47,5776080
Canada,1974,1218,580.912,9221890
Canada,1975,1171,506.443,10908810
Canada,1976,1039,1570.921,11609890
Canada,1977,803,217.557,3307880
Canada,1978,1058,401.688,7392820
Canada,1979,1050,462.504,7834230
Canada,1980,1028,441.025,8975390
Canada,1981,1048,338.548,8878490
Canada,1982,677,444.302,5795420
Canada,1983,645,329.309,4443960
Canada,1984,67,130.852,2331350
Canada,1985,56,98.281,1348850
Canada,1986,748,484.255,7151470
Canada,1987,668,581.882,3810170
Canada,1988,548,206.796,4901260
Canada,1989,627,444.747,3701360
Canada,1990,579,270.471,5079190
Canada,1991,463,253.334,2516090
Canada,1992,404,149.94,2110180
Canada,1993,381,101.784,1516640
Canada,1994,374,80.856,1606580
Canada,1995,328,149.159,1583070
Canada,1996,329,275.805,3269060
Canada,1997,285,258.111,3609460
Canada,1998,381,233.604,2440270
Canada,1999,412,148.276,2434050
Canada,2000,378,142.672,1644100
Canada,2001,383,221.203,2202740
Canada,2002,294,165.59,2985940
Canada,2003,267,78.915,1730492
Canada,2004,297,259.229,3185165
Canada,2005,260,199.007,4147580
Canada,2006,151,42.314,792923
Canada,2007,206,,1770707
Canada,2008,188,41.331,875440
Canada,2009,157,67.313,2162500
Canada,2010,174,57.728,1202483
Canada,2011,149,91.147,1350596
Canada,2012,281,137.398,904017
Canada,2013,165,205.726,1498950
Canada,2014,153,80.474,1711330
Canada,2015,237,428.802,1845503
Canada,2016,190,44.391,631950
Canada,2017,191,206.375,1200700
Canada,2018,173,86.067,1133724
Canada,2019,131,108.811,1305911
Canada,2021,186,289.804,1323627
Canada,2022,176,206.649,2151382
Canada,2023,778,540.951,6584618
Cape Verde,1991,1,0.014,1916
Cape Verde,1997,17,,
Cayman Islands,2000,0,0,0
Cayman Islands,2001,0,0,0
Cayman Islands,2002,0,0,0
Cayman Islands,2003,0,0,0
Cayman Islands,2004,0,0,0
Cayman Islands,2005,0,0,0
Cayman Islands,2006,0,0,0
Cayman Islands,2007,0,0,0
Cayman Islands,2008,0,0,0
Central African Republic,1989,3,,
Central African Republic,1991,4,,
Central African Republic,1992,13,,
Central African Republic,1993,2,,
Central African Republic,2003,2,0.04,
Central African Republic,2004,1,,
Central African Republic,2005,3,,
Central African Republic,2006,9,0.254,3
Central African Republic,2007,11,0.003,12
Central African Republic,2008,3,,
Chile,1969,1277,362.01,1178706
Chile,1970,1819,656.17,2804517
Chile,1971,2696,298.677,1387505
Chile,1972,3325,393.954,1678124
Chile,1973,2050,711.028,2503356
Chile,1980,89,29.73,428300
Chile,1981,,24.882,676295
Chile,1982,,2.367,51644
Chile,1983,41,4.373,58492
Chile,1984,38,3.595,41980
Chile,1985,42,8.532,131630
Chile,1986,41,3.9,60700
Chile,1987,81,9.9,104200
Chile,1988,72,5.6,87400
Chile,1989,101,17.9,298600
Chile,1990,176,25.01,245192
Chile,1991,224,46.215,733794
Chile,1992,247,26.962,344708
Chile,1993,224,25.098,59741
Chile,1994,196,16.209,34819
Chile,1995,187,24.724,350124
Chile,1996,183,25.776,234566
Chile,1997,179,19.278,214485
Chile,1998,121,12.608,123507
Chile,1999,108,10.667,103232
Chile,2000,125,13.227,114306
Chile,2001,88,11.591,127157
Chile,2002,117,14.662,207224
Chile,2003,92,10.443,73467
Chile,2004,125,13.013,172858
Chile,2005,101,11.209,99931
Chile,2006,134,15.602,195344
Chile,2007,146,17.294,163770
Chile,2008,159,17.473,202178
Chile,2011,184,22.429,2263
Chile,2012,160,29.992,1871
Chile,2013,201,30.638,2756
Chile,2017,139,18.574,2299
Chile,2018,143,15.969,300.81
Chile,2019,153,32.128,382.083
Chile,2020,72,12.987,286.2
Chile,2021,116,17.725,312.1
Chile,2022,94,11.752,220.4
Chile,2023,107,12.056,187.5
Chile,2024,106,23.041,158.1
Colombia,1978,266,22.628,
Colombia,1979,137,29.712,
Colombia,1980,261,30.915,
Colombia,1981,219,22.56,
Colombia,1982,149,60.119,
Colombia,1983,139,85.112,
Colombia,1984,147,30.624,
Colombia,1985,87,10.481,
Colombia,1986,80,12.371,
Colombia,1987,79,6.559,
Colombia,1988,251,24.569,
Colombia,1989,117,19.78,
Colombia,1990,283,20.348,
Colombia,1991,234,,
Colombia,1992,638,23.578,
Colombia,1993,292,9.879,
Colombia,1994,154,,
Colombia,2002,35,,
Colombia,2003,15,,
Colombia,2004,12,,
Colombia,2005,18,,
Colombia,2006,8,,
Colombia,2007,7,,
Colombia,2008,3,,
Costa Rica,1977,10,10.592,74121
Costa Rica,1978,14,20.168,176784
Costa Rica,1979,20,25.671,275125
Costa Rica,1980,61,24.75,427346
Costa Rica,1981,6,7.38,166580
Costa Rica,1982,14,13.387,285932
Costa Rica,1983,16,8.303,30906
Costa Rica,1984,12,13.165,254350
Costa Rica,1985,10,11.215,43945
Costa Rica,1986,23,37.928,40250
Costa Rica,1987,7,5.25,909
Costa Rica,1988,16,2.975,35620
Costa Rica,1989,19,7.145,108120
Costa Rica,1990,42,26.085,158500
Costa Rica,1991,11,3.821,98289.3
Costa Rica,1992,19,42.251,5776474
Costa Rica,1993,21,43.222,3394255
Costa Rica,1994,19,10.694,159324
Costa Rica,1995,15,73.68,2531220
Costa Rica,1996,12,6.904,92712
Costa Rica,1997,9,17.003,254782
Costa Rica,2000,35,0.283,
Costa Rica,2001,4,0.464,
Costa Rica,2002,6,0.62,
Costa Rica,2003,6,,
Costa Rica,2004,10,1.84,
Costa Rica,2005,16,1.751,
Costa Rica,2006,7,0.2,
Costa Rica,2007,7,0.333,
Costa Rica,2008,9,2.33,
Costa Rica,2009,20,2.523,33.03
Costa Rica,2010,6,1.072,85.7
Costa Rica,2011,15,30.651,47.36
Costa Rica,2012,8,65.504,15
Costa Rica,2013,23,84.226,62
Costa Rica,2014,10,77.69,76
Costa Rica,2015,6,8.732,12
Costa Rica,2016,10,13.045,14
Costa Rica,2017,3,16.4,77.92
Costa Rica,2019,4,5.33,55
Costa Rica,2020,0,0,0
Cyprus,1971,28,6.867,23629
Cyprus,1972,46,21.431,142427
Cyprus,1973,26,2.79,12874
Cyprus,1974,36,8.498,14349
Cyprus,1975,9,1.132,7808
Cyprus,1976,9,1.007,2683
Cyprus,1977,7,0.67,2469
Cyprus,1978,14,7.735,9169
Cyprus,1979,27,7.185,22243
Cyprus,1980,38,49.833,101509
Cyprus,1981,38,8.253,18232
Cyprus,1982,31,3.957,7934
Cyprus,1983,28,3.975,12831
Cyprus,1984,29,4,11339
Cyprus,1985,30,8.082,16834
Cyprus,1986,39,4.796,9797
Cyprus,1987,38,18.257,91109
Cyprus,1988,35,5.59,30327
Cyprus,1989,37,12.462,32826
Cyprus,1990,20,8.045,32174
Cyprus,1991,31,4.782,10347
Cyprus,1992,27,49.897,59720
Cyprus,1993,24,16.945,23883
Cyprus,1994,32,15.362,28911
Cyprus,1995,26,64.061,97609
Cyprus,1996,20,3.914,7705
Cyprus,1997,16,2.295,5240
Cyprus,1998,20,6.591,7948
Cyprus,1999,21,2.108,26037
Cyprus,2000,6,0.18,1136
Cyprus,2001,25,1.699,4778
Cyprus,2002,23,3.496,7051
Cyprus,2003,18,3.535,6901
Cyprus,2004,13,6.479,9053
Cyprus,2005,11,13.895,13967
Cyprus,2006,10,25.955,26898
Cyprus,2007,8,3.396,10289
Cyprus,2008,8,0.743,1034
Cyprus,2009,6,0.573,1743
Cyprus,2010,4,0.2,200
Cyprus,2011,57,82.336,39349
Cyprus,2012,76,86.5,132811
Cyprus,2013,47,44.273,605671
Cyprus,2014,43,23.741,29670
Cyprus,2015,31,6.393,13223
Cyprus,2016,15,5.52,35803.12
Cyprus,2017,16,5.074,3990
Cyprus,2018,37,8.839,24717
Cyprus,2022,20,3.26,4970
Cyprus,2023,26,136.723,58100
Cyprus,2024,,4.178,17915
Czechia,1991,1,4.9,2300
Czechia,1992,2,20.3,18700
Czechia,1993,2,2.5,300
Czechia,1994,3,67.1,3100
Czechia,1995,2,2,2000
Czechia,1996,2,11.5,16400
Czechia,2009,0,0,0
Czechia,2010,0,0,0
Czechia,2011,0,0,0
Czechia,2012,0,0,0
Czechia,2013,0,,0
Czechia,2015,1,0.2,
Czechia,2016,2,,
Czechia,2017,2,,
Denmark,1971,31,6.379,20600
Denmark,1972,35,7.601,21800
Denmark,1973,205,337.1,3901200
Denmark,1974,134,142.352,184200
Denmark,1975,147,59.128,100100
Denmark,1976,204,87.224,210300
Denmark,1977,228,36.305,229700
Denmark,1978,314,59.34,128800
Denmark,1979,218,156.589,173000
Denmark,1980,225,62.063,186700
Denmark,1981,94,53.463,651600
Denmark,1982,180,53.185,92700
Denmark,1983,161,40.919,78800
Denmark,1984,157,50.764,131700
Denmark,1985,820,581.297,2332700
Denmark,1986,215,56.735,93200
Denmark,1987,202,56.878,137300
Denmark,1988,157,29.591,96500
Denmark,1989,132,27.212,52900
Denmark,1990,232,37.386,97600
Denmark,1991,203,37.861,70000
Denmark,1992,151,32.938,62800
Denmark,1993,218,58.764,113700
Denmark,1994,240,36.788,75000
Denmark,1995,424,124.496,197300
Denmark,1996,930,65.735,75700
Denmark,1997,1023,75.349,101700
Denmark,1998,1258,502.258,3173000
Denmark,1999,1079,75.17,91800
Denmark,2000,1081,75.656,124800
Denmark,2001,832,49.46,56000
Denmark,2002,1349,110.854,193600
Denmark,2003,681,44.365,55100
Denmark,2004,804,75.71,76400
Denmark,2005,534,32.833,51100
Denmark,2006,476,79.128,85900
Denmark,2007,862,61.113,91700
Denmark,2008,335,91.409,1869100
Denmark,2009,207,12.679,15000
Denmark,2010,329,15.828,18500
Denmark,2011,280,13.127,15000
Denmark,2012,225,8.589,10200
Denmark,2013,197,57.319,930300
Denmark,2014,318,10.616,16900
Denmark,2015,158,6.054,9400
Denmark,2016,144,6.997,15400
Denmark,2017,426,16.953,28100
Denmark,2018,148,7.267,20300
Denmark,2019,150,5.895,8400
Denmark,2020,135,5.285,8500
Denmark,2021,160,16.83,243400
Denmark,2022,,4.965,16000
Denmark,2023,136,7.761,15300
Denmark,2024,86,4.267,4500
Dominica,1983,1,,16000
Dominica,1984,2,,22000
Dominica,1985,0,,0
Dominica,1986,4,,
Dominica,1987,3,,
Dominica,1988,0,0,0
Dominica,1989,1,0.22,440
Dominica,1990,1,,
Dominica,1991,0,0,0
Dominica,1992,0,0,0
Dominica,1993,1,0.133,532
Dominica,1997,4,0.655,1746
Dominican Republic,1995,2,1.042,
Dominican Republic,1996,0,0,
Dominican Republic,1997,0,0,
Dominican Republic,1998,8,3.774,
Dominican Republic,1999,0,,
Dominican Republic,2000,1,,
Dominican Republic,2001,1,,
Dominican Republic,2002,0,,
Dominican Republic,2003,0,,
Dominican Republic,2004,0,,
Dominican Republic,2005,0,,
Dominican Republic,2006,1,,
Dominican Republic,2007,0,,
Dominican Republic,2008,0,,
Ecuador,1974,61,5.948,105380
Ecuador,1975,61,11.913,418226
Ecuador,1976,58,7.016,265107
Ecuador,1977,9,0.802,43282
Ecuador,1978,7,0.538,17394
Ecuador,1979,37,2.387,60012
Ecuador,1980,75,16.065,508174
Ecuador,1981,99,12.255,368909
Ecuador,1982,86,15.776,431982
Ecuador,1983,97,13.913,467542
Ecuador,1984,96,13.866,372730
Ecuador,1985,72,9.248,266859
Ecuador,1986,78,11.963,432497
Ecuador,1987,75,13.904,333610
Ecuador,1988,126,51.684,720712
Ecuador,1989,169,51.175,684437
Ecuador,1990,140,24.392,428307
Ecuador,1991,87,9.664,307282
Ecuador,1992,49,8.04,319685
Ecuador,1993,28,3.399,113961
Ecuador,1994,14,1.888,73633
Ecuador,1995,7,0.639,27013
Ecuador,1996,11,0.938,55210
Ecuador,1997,18,3.765,197918
Ecuador,1998,17,1.867,44161
Ecuador,1999,8,1.873,51361
Ecuador,2000,11,1.766,115558
Ecuador,2001,4,0.536,19259
Ecuador,2002,17,2.257,98400
Ecuador,2003,17,1.67,112574
Ecuador,2004,11,0.5,64210
Ecuador,2005,8,0.963,25290
Ecuador,2006,16,1.066,91676
Ecuador,2007,8,1.525,68439
Ecuador,2008,11,0.574,36672
Ecuador,2011,2,,
Ecuador,2012,12,,
Egypt,1969,214,15.47,
Egypt,1970,45,1.311,
Egypt,1971,90,11.425,
Egypt,1972,537,11.864,22275
Egypt,1973,13,4.222,4907
Egypt,1974,6,13.172,71321
Egypt,1975,7,40.527,200528
Egypt,1976,10,0.793,921
Egypt,1977,5,1.042,2541
Egypt,1978,3,3.9,1450
Egypt,1979,7,5.235,3933
Egypt,1980,4,0.089,52
Egypt,1981,6,2.886,2886
Egypt,1982,4,0.771,771
Egypt,1983,1,0.05,100
Egypt,1984,0,0,0
Egypt,1985,2,2.7,5900
Egypt,1986,3,1.755,3165
Egypt,1987,2,0.067,67
Egypt,1988,0,0,0
Egypt,1989,3,0.65,1731
Egypt,1990,4,2.406,2120
Egypt,1991,1,1.1,1100
Egypt,1992,0,0,0
Egypt,1993,2,0.959,1139
Egypt,1994,5,5.476,23158
Egypt,1995,8,5.868,4241
Egypt,1996,7,1.47,5592
Egypt,1997,4,0.744,1687
Egypt,1998,7,11.891,21565
Egypt,1999,8,4.288,4078
Egypt,2000,6,1.482,1377
Egypt,2001,1,0.002,2
Egypt,2002,3,1.76,2654
Egypt,2003,4,1.046,19969
El Salvador,1971,12,10.614,196595
El Salvador,1972,23,3.919,42021
El Salvador,1973,6,0.618,7118
El Salvador,1974,6,37.406,
El Salvador,1975,14,2.902,39059
El Salvador,1976,2,25.3,601800
El Salvador,1977,19,32.879,154792
El Salvador,1978,29,7.169,72962
El Salvador,1979,103,29.432,292276
El Salvador,1980,42,12.11,44217
El Salvador,1981,15,5.324,138489
El Salvador,1982,4,0.373,4975
El Salvador,1983,15,2.68,92732
El Salvador,1984,36,26.311,233486
El Salvador,1985,54,30.336,350676
El Salvador,1986,54,18.251,2232801
El Salvador,1987,25,3.963,778276
El Salvador,1988,36,4.405,15815
El Salvador,1989,31,50.937,1574225
El Salvador,1990,20,3.914,153526
El Salvador,1991,26,4.129,815414
El Salvador,1992,47,127.365,1051051
El Salvador,1993,36,105.041,462695
El Salvador,1994,12,4.162,139548
El Salvador,1995,42,57.606,396018
El Salvador,1996,40,25.792,240978
El Salvador,1997,645,11.825,72481
El Salvador,1998,12,4.086,51651
El Salvador,1999,36,68.901,626388
El Salvador,2000,38,17.684,621186
El Salvador,2001,19,19.395,40561
El Salvador,2002,25,8.909,72813
El Salvador,2003,17,9.953,153962
El Salvador,2004,27,8.584,49986
El Salvador,2005,25,5.961,46701
El Salvador,2006,17,8.597,97093
El Salvador,2007,11,2.436,3883
El Salvador,2008,12,5.006,7213
El Salvador,2009,24,6656,66519
El Salvador,2010,13,1907,11045
El Salvador,2011,10,1.388,3.28
El Salvador,2012,5,0.281,0.56
El Salvador,2015,2,530,530
El Salvador,2016,6,251,326
El Salvador,2017,8,494,502
El Salvador,2018,3,820,2640
El Salvador,2021,4,1851,
Estonia,1992,0,0,0
Estonia,1993,0,0,0
Estonia,1994,0,0,0
Estonia,1995,0,0,0
Estonia,1996,0,0,0
Estonia,1997,0,0,0
Estonia,1998,0,0,0
Estonia,1999,0,0,0
Estonia,2000,0,0,0
Estonia,2001,0,0,0
Estonia,2003,1,13.26,10993
Estonia,2004,1,,
Estonia,2005,0,0,0
Estonia,2006,1,0.06,7.5
Estonia,2007,2,0.5,75
Estonia,2008,1,0.4,50
Estonia,2009,1,1.8,225
Estonia,2011,0,0,0
Estonia,2012,2,13.302,
Estonia,2013,0,0,0
Estonia,2014,0,0,0
Estonia,2015,0,0,0
Estonia,2016,0,0,0
Estonia,2017,0,0,0
Estonia,2018,1,0.025,42
Eswatini,1992,16,7.218,19519
Eswatini,1993,7,3.245,79132
Eswatini,1994,16,7.218,156151
Eswatini,1996,1,0.059,2242
Eswatini,2017,6,1.659,32
Eswatini,2018,5,6.926,
Eswatini,2019,5,2.22,
Fiji,1971,28,5.163,13312
Fiji,1972,47,5.104,21679
Fiji,1973,69,13.737,116998
Fiji,1974,83,7.974,83332
Fiji,1975,46,12.18,57373
Fiji,1976,46,5.99,15669
Fiji,1977,64,10.045,77615
Fiji,1978,33,4.408,32803
Fiji,1979,65,4.686,36754
Fiji,1980,73,3.1,8600
Fiji,1981,41,4.6,26500
Fiji,1982,44,4.5,22700
Fiji,1983,9,0.8,2800
Fiji,1984,22,3.9,16600
Fiji,1985,20,5.5,55500
Fiji,1986,9,0.617,5221
Fiji,1987,13,2.234,2076
Fiji,1988,12,0.717,7018
Fiji,1989,15,1.283,5035
Fiji,1990,25,3.214,139245
Fiji,1991,11,1.133,97887
Fiji,1992,5,1.775,10539
Fiji,1993,12,2.845,34068
Fiji,1994,6,0.493,1783
Fiji,1995,9,2.683,21448
Finland,1971,838,403.297,2711100
Finland,1972,849,239.732,473100
Finland,1973,1010,678.193,2496929
Finland,1974,1795,370.7,434790
Finland,1975,1530,215.14,284200
Finland,1976,3199,496.83,1237830
Finland,1977,1633,738.63,2374700
Finland,1978,1207,161.29,132400
Finland,1979,1715,225.17,243400
Finland,1980,2182,407.26,1605600
Finland,1981,1591,488.86,659100
Finland,1982,1212,165.82,207600
Finland,1983,1919,419.87,719700
Finland,1984,1679,558.7,1526900
Finland,1985,833,170.02,174270
Finland,1986,1225,602.73,2787553
Finland,1987,802,99.289,130890
Finland,1988,1353,244.072,179820
Finland,1989,629,158.476,204210
Finland,1990,455,244.759,935150
Finland,1991,284,166.772,458338
Finland,1992,168,103.505,76094
Finland,1993,126,23.193,17316
Finland,1994,171,70.535,525703
Finland,1995,112,127.039,869422
Finland,1996,94,43.113,20078
Finland,1997,91,28.402,103713
Finland,1998,98,35.38,133203
Finland,1999,65,14.993,18954
Finland,2000,96,84.092,253838
Finland,2001,84,21.715,60652
Finland,2002,76,70.867,74958
Finland,2003,112,91.866,66136
Finland,2004,84,25.211,42385
Finland,2005,365,106.796,672904
Finland,2006,97,48.276,85075
Finland,2007,91,89.729,94579
Finland,2008,92,15.992,16352
Finland,2009,112,,920.26
Finland,2010,150,,
Finland,2011,163,59.107,127758
Finland,2012,86,14.967,17253.81
Finland,2013,121,19.567,26000
Finland,2014,128,69.248,40526
Finland,2015,163,134.427,108911
Finland,2016,69,7.287,6584
Finland,2017,103,17.377,23076.62
Finland,2018,166,282.096,214428
Finland,2019,107,161.289,378029
Finland,2020,108,19.216,176184
Finland,2021,55,,34092
Finland,2022,64,177.63,962605
Finland,2023,120,59.746,83023
Finland,2024,55,107.624,213645
France,1971,4318,3234.5,4387781
France,1972,3464,2721.348,3755343
France,1973,3731,2245.973,3914598
France,1974,3381,1563.54,3379977
France,1975,3888,1827.142,3868926
France,1976,4348,2022.5,4054903
France,1977,3281,1919.9,2434300
France,1978,3195,704.8,2081000
France,1979,3121,967.2,3172300
France,1980,2118,500.8,1522900
France,1981,2405,329,1441600
France,1982,3113,397.7,2250200
France,1983,2837,37.8,1321000
France,1984,2537,42.1,1316800
France,1985,1901,22.8,726700
France,1986,1391,21.8,567600
France,1987,1391,18.6,511500
France,1988,1852,27.2,1094000
France,1989,2040,20.3,800225
France,1990,1790,18.5,528000
France,1991,1572,18.8,497300
France,1992,1494,16.3,359200
France,1993,1472,19.9,510900
France,1994,1671,18,500500
France,1995,2066,43.476,784000
France,1996,1070,107.531,363158
France,1997,1222,118.07,325092
France,1998,1218,129.444,309111
France,1999,1417,151.61,421605
France,2000,1427,210.704,581356
France,2001,1105,118.649,462622
France,2002,745,66.662,248114
France,2003,785,62.545,223795
France,2004,699,60.355,193423
France,2005,,,1997000
France,2006,,,1421400
France,2007,,,1553000
France,2008,,,1418500
France,2009,,,942300
France,2010,,,3850375.39
France,2011,,,983117
France,2012,,,779601
France,2013,,,261067
France,2014,,,345387
France,2015,,,869267
France,2016,,,1738537
France,2017,,,1373323
France,2018,,,2094484
France,2019,,,3942292
France,2020,,,1499575
France,2021,,,1165422.2
France,2022,,,1904263
Gabon,2000,14,3.221,24867
Georgia,2019,5,,
Georgia,2022,1,0.4,20
Georgia,2023,2,,
Georgia,2024,1,,
Germany,1985,,,0.441
Germany,1993,,132.555,592995
Germany,1994,,400.676,229436
Germany,1995,,183.346,247460
Germany,1996,,165.721,98135
Germany,1997,,13.472,52896
Germany,1998,,4.286,16102
Germany,1999,,187.749,78785
Germany,2000,,7.428,10776
Germany,2001,,60.948,26833
Germany,2002,,428.283,310149
Germany,2003,,39.692,163281
Germany,2004,,101.419,50673
Germany,2005,,17.097,18633
Germany,2006,,168.723,428739
Germany,2007,,106.483,286368
Germany,2008,,154.052,131679
Germany,2009,455,11.52,66927
Germany,2010,131,11.52,24501
Germany,2011,158,11.282,69896
Germany,2012,367,22.158,86051
Germany,2013,1384,66.897,149584
Germany,2014,637,57.772,154745
Germany,2015,1618,229.604,1092121
Germany,2016,718,215.267,209435
Germany,2017,1170,61.239,128996.5
Germany,2018,1528,682.093,570808
Germany,2019,1252,88.193,161869
Germany,2020,1265,139.646,195420
Germany,2021,1251,381.45,372527
Germany,2022,1532,284.904,266694
Germany,2023,5217,326.897,590403
Germany,2024,3036,417.701,472565
Ghana,1969,53,28.737,138531
Ghana,1970,56,21.376,123050
Ghana,1971,79,41.053,116041
Ghana,1972,10,2.336,3198
Ghana,1973,13,3.917,3109
Ghana,1974,43,32.371,64408
Ghana,1975,33,15.301,39410
Ghana,1976,45,32.36,114259
Ghana,1977,61,47.304,205170
Ghana,1978,65,42.913,196167
Ghana,1979,50,40.606,170598
Ghana,1980,59,69.883,196910
Ghana,1981,58,29.414,220418
Ghana,1982,10,4.707,11690
Ghana,1983,16,15.076,36957
Ghana,1984,9,10.55,17022
Ghana,1985,12,2.83,8025
Ghana,1986,19,7.459,24936
Ghana,1987,22,10.166,19401
Ghana,1988,11,2.798,7152
Ghana,1989,21,8.925,15704
Ghana,1990,24,6.942,7202
Ghana,1991,24,5.557,9692
Greece,1976,947,300.759,787852
Greece,1977,569,559.858,1252445
Greece,1978,616,471.305,987478
Greece,1979,588,1262.433,1678805
Greece,1980,726,1407.821,2907431
Greece,1981,466,401.757,812998
Greece,1982,968,352.737,1431439
Greece,1983,675,224.315,554547
Greece,1984,486,159.126,562432
Greece,1985,453,785.725,1094411
Greece,1986,213,1106.33,1262766
Greece,1987,381,1270.602,17829399
Greece,1988,320,449.441,6523896
Greece,1989,207,795.744,9280631
Greece,1990,234,1303.973,23440717
Greece,1991,161,476.082,5839663
Greece,1992,824,243.173,2830017
Greece,1993,596,181.737,1602316
Greece,1994,215,73.859,665666
Greece,1995,110,52.246,449960
Greece,1996,171,76.06,765336
Greece,1997,125,45.414,390760
Greece,1998,99,33.633,283903
Guatemala,1969,2,3.117,15753
Guatemala,1970,36,27.067,50934
Guatemala,1971,1,0.092,460
Guatemala,1972,4,4.868,33238
Guatemala,1973,16,22.711,257089
Guatemala,1974,53,43.934,562593
Guatemala,1975,7,8.336,53476
Guatemala,1976,16,5.757,167831
Guatemala,1977,9,8.67,60641
Guatemala,1978,229,144.956,1479246
Guatemala,1979,7,42.17,41120
Guatemala,1980,51,68.683,817299
Guatemala,1981,3,1.35,37075
Guatemala,1986,33,,
Guatemala,1987,12,,386
Guatemala,1989,9,,
Guatemala,1990,19,,
Guatemala,1992,25,,
Guatemala,1993,35,,
Guatemala,1994,17,,
Guatemala,1995,17,,
Guatemala,1996,18,,
Guatemala,2014,,,3767
Guinea,1990,2,45.008,90004
Guinea,1991,8,4.032,8259
Guinea,1992,5,20.989,810
Guinea,1994,2,0.665,
Guinea,1996,3,1.622,
Guyana,1969,126,17.878,38660
Guyana,1970,159,84.056,453928
Guyana,1971,198,41.447,141816
Guyana,1972,175,44.597,135199
Guyana,1973,186,34.692,93109
Guyana,1974,151,61.932,155277
Guyana,1975,129,68.616,551100
Guyana,1976,400,82.142,229480
Guyana,1977,383,89.687,964282
Guyana,1978,300,52.06,75791
Guyana,1979,219,106.366,324473
Guyana,1980,333,40.752,67620
Guyana,1981,621,88.372,125852
Guyana,1982,653,81.564,140744
Guyana,1983,731,103.519,290294
Guyana,1984,493,60.3,151999
Guyana,1985,718,93.718,
Guyana,1986,453,47.55,138364
Guyana,1987,497,57.757,131449
Guyana,1988,349,39.358,232595
Guyana,1989,138,113.32,686356
Guyana,1990,329,61.474,244498
Guyana,1991,307,98.44,110871
Guyana,1992,258,69.254,126747
Guyana,1993,475,53.475,129344
Guyana,1994,468,73.625,90138
Guyana,1995,422,37.899,81357
Guyana,1996,391,,104843
Guyana,1997,305,,99503
Guyana,1998,273,,71563
Guyana,1999,244,,158424
Guyana,2000,268,,56175
Guyana,2001,243,,60755
Guyana,2002,226,,70544
Guyana,2003,225,,53577
Guyana,2004,229,,83760
Guyana,2005,163,,85186
Guyana,2006,208,,120032
Guyana,2007,177,,66299
Haiti,1977,2647,0.792,
Haiti,1978,1337,1.615,9139
Haiti,1979,1751,2.141,19883
Haiti,1980,2946,3.688,21954
Haiti,1981,2728,3.686,21565
Haiti,1982,2642,3.464,24074
Haiti,1983,2161,2.808,
Haiti,1984,1845,2.644,
Haiti,1985,1653,3.03,2094221
Haiti,1986,1767,3.777,644741
Haiti,1987,1961,2.675,
Haiti,1988,1564,2.126,409564
Honduras,1979,19,27.354,
Honduras,1980,37,34.431,
Honduras,1981,49,9.273,
Honduras,1982,,13.387,
Honduras,1984,28,3.643,
Honduras,1985,14,0.744,
Honduras,1986,46,,
Honduras,1987,28,,
Honduras,1989,56,44.704,
Honduras,1990,93,45.567,
Honduras,1991,23,63.631,
Honduras,1992,43,,
Honduras,1995,47,,
Honduras,1997,46,,
Honduras,1998,80,,
Honduras,1999,42,,
Honduras,2000,63,,
"Hong Kong, China",1969,27,5.451,40726
"Hong Kong, China",1970,47,9.119,47243
"Hong Kong, China",1971,42,10.981,25600
"Hong Kong, China",1972,46,13.039,41834
"Hong Kong, China",1973,54,19.788,56691
"Hong Kong, China",1974,19,4.462,10708
"Hong Kong, China",1975,17,4.786,17600
"Hong Kong, China",1976,16,3.383,4977
"Hong Kong, China",1977,38,4.46,10814
"Hong Kong, China",1978,51,8.185,30927
"Hong Kong, China",1979,46,12.194,39743
"Hong Kong, China",1980,37,5.083,21069
"Hong Kong, China",1981,49,7.625,15319
"Hong Kong, China",1982,34,7.052,17960
"Hong Kong, China",1983,11,1.143,2530
"Hong Kong, China",1984,11,2.325,3121
"Hong Kong, China",1985,3,0.44,1160
"Hong Kong, China",1986,9,2.136,4907
"Hong Kong, China",1987,14,1.661,2773
"Hong Kong, China",1988,8,0.946,2345
"Hong Kong, China",1989,7,4.059,3270
"Hong Kong, China",1990,15,1.49,3495
"Hong Kong, China",1991,5,0.127,202
"Hong Kong, China",1992,11,1.832,3296
"Hong Kong, China",1993,10,1.479,16204
"Hong Kong, China",1994,3,0.129,355
"Hong Kong, China",1995,9,1.347,1018
"Hong Kong, China",1996,17,1.763,2709
"Hong Kong, China",1997,7,0.418,790
"Hong Kong, China",1998,8,0.578,1411
"Hong Kong, China",1999,3,0.152,299
"Hong Kong, China",2000,5,0.381,934
"Hong Kong, China",2001,1,0.13,780
"Hong Kong, China",2002,,,0
"Hong Kong, China",2003,1,0.3,150
"Hong Kong, China",2004,2,0.143,351
"Hong Kong, China",2005,1,0.2,100
"Hong Kong, China",2006,3,0.067,54
"Hong Kong, China",2007,3,0.849,8027.3
"Hong Kong, China",2008,4,1.337,1408
"Hong Kong, China",2009,7,0.77,1080
"Hong Kong, China",2010,3,0.315,328.75
"Hong Kong, China",2011,2,0.29,590
"Hong Kong, China",2012,1,0.15,375
"Hong Kong, China",2013,7,1.306,13437
"Hong Kong, China",2014,3,0.182,138
"Hong Kong, China",2015,2,0.106,103
"Hong Kong, China",2016,3,0.153,169
"Hong Kong, China",2018,5,,0.06
Hungary,1991,3,24.148,9453
Hungary,1992,4,1.01,4170
Hungary,1993,5,2.574,5195
Hungary,1994,4,31.529,28647
Hungary,1995,7,172.048,258585
Hungary,1996,8,4.521,2396
Hungary,1997,5,0.853,1923
Hungary,1998,7,1.447,392
Hungary,1999,5,16.685,241959
Hungary,2000,5,26.978,149845
Hungary,2001,6,21.128,7685
Hungary,2002,4,4.573,1377
Hungary,2003,7,10.831,2426
Hungary,2004,8,6.276,19067
Hungary,2005,11,1.425,963
Hungary,2006,16,24.665,6501
Hungary,2007,22,60.805,27848
Hungary,2008,8,8.633,
Hungary,2009,9,3.134,
Hungary,2010,7,3.263,
Hungary,2011,1,,
Hungary,2012,3,1.885,567
Hungary,2013,1,,
Hungary,2014,0,,
Hungary,2015,2,,
Hungary,2016,7,39.101,33818
Hungary,2017,5,67.06,3801
Hungary,2018,6,15.535,36170
Hungary,2019,12,20.905,52034
Hungary,2020,2,,
Hungary,2022,4,38.442,33905
Hungary,2023,3,17.779,11386
Hungary,2024,5,5.584,4040
Iceland,1969,137,33.739,139478
Iceland,1970,66,15.855,298242
Iceland,1971,7,1.79,31985
Iceland,1972,5,1.1,12061
Iceland,1973,5,0.729,14320
Iceland,1974,94,30.948,93289
Iceland,1975,122,20.843,62531
Iceland,1976,123,35.219,309950
Iceland,1977,292,48.043,189598
Iceland,1978,7,29.91,51270
Iceland,1979,13,0.805,15970
Iceland,1980,14,4.22,30760
Iceland,1981,9,4.392,78410
Iceland,1982,17,40.74,119016
Iceland,1983,1,0.014,9
Iceland,1984,7,12.36,301099
Iceland,1985,13,6.434,91485
Iceland,1986,4,0.847,1071
Iceland,1987,34,8.423,98527
Iceland,1988,15,11.642,100773
Iceland,1989,16,2.028,79970
Iceland,1990,1,0.077,231
Iceland,1991,7,0.751,3413
Iceland,1992,4,0.611,385
Iceland,1993,2,0.013,90
Iceland,1994,11,7.375,97343
Iceland,1995,16,10.404,217186
Iceland,1996,0,0,0
Iceland,1997,16,11.632,34073
Iceland,1998,3,3.382,67640
Iceland,1999,0,0,0
Iceland,2000,7,1.713,47093
Iceland,2001,17,8.948,207663
Iceland,2002,0,0,0
Iceland,2003,0,0,0
Iceland,2004,1,4.256,140448
Iceland,2023,,0,0
India,1969,2627,1826.866,19048288
India,1970,2889,1827.752,20563381
India,1971,2752,1615.14,16545636
India,1972,3243,1736.737,20543916
India,1973,3370,2545.602,20626253
India,1974,2938,2854.623,40262417
India,1975,1943,1143.426,21900931
India,1976,1459,736.974,12745735
India,1977,3117,2193.215,25320072
India,1978,3187,1915.603,28340199
India,1979,3048,2873.575,43853518
India,1980,2856,1900.333,21925026
India,1981,2589,1588.004,36583564
India,1982,2483,1469.029,74614764
India,1983,2488,1460.465,46858464
India,1984,2094,1949.029,56025240
India,1985,1755,1078.801,29239466
India,1986,1892,1644.882,32748228
India,1987,1799,1769.877,35358372
India,1988,1745,1191.033,33946925
India,1989,1786,1364.254,32663377
India,1990,1825,1307.863,24086170
India,1991,1810,1342.022,26428092
India,1992,1714,1252.225,31258744
India,1993,1393,953.867,20300653
India,1994,1201,846.429,20983082
India,1995,1066,989.695,16289569
India,1996,1166,939.304,20284803
India,1997,1305,981.267,16971389
India,1998,1097,1288.923,22061984
India,1999,927,1310.695,26786856
India,2000,771,1418.299,28763121
India,2001,674,687.778,23766809
India,2002,579,1079.434,26585919
India,2003,552,1815.945,30255911
India,2004,477,2072.221,23866367
India,2005,456,2913.601,29664999
India,2006,430,1810.348,20324378
India,2007,389,724.574,27166752
India,2008,423,1483.593,16683942
India,2009,391,1626.167,13296719
India,2010,429,1062.452,17932345
India,2014,287,1158.77,11095370
India,2015,150,472.464,2334098
India,2016,102,579.033,1271552
Indonesia,1989,17,4.245,41425
Indonesia,1990,61,31.234,262014
Indonesia,1991,130,64.53,582472
Indonesia,1992,251,143.005,1019654
Indonesia,1993,185,103.49,966931
Indonesia,1994,296,147.662,1421032
Indonesia,1995,276,126.855,1300001
Indonesia,1996,346,221.247,2496448
Indonesia,1997,234,145.559,1250403
Ireland,1971,133,43.783,273770
Ireland,1972,131,22.274,206955
Ireland,1973,182,31.761,206725
Ireland,1974,219,43.459,551833
Ireland,1975,151,29.124,295716
Ireland,1976,134,42.281,776949
Ireland,1977,175,33.805,442145
Ireland,1978,152,32.558,613016
Ireland,1979,140,49.621,1464952
Ireland,1980,130,30.879,412118
Ireland,1981,117,31.958,433979
Ireland,1982,131,29.952,434253
Ireland,1983,154,30.482,319015
Ireland,1984,192,30.992,386421
Ireland,1985,116,168.675,417726
Ireland,1986,102,50.227,309178
Ireland,1987,80,26.221,264339
Ireland,1988,65,10.218,143393
Ireland,1989,38,3.692,50358
Ireland,1990,49,10.309,222916
Ireland,1991,54,17.975,85513
Ireland,1992,38,13.107,190609
Ireland,1993,46,12.764,60987
Ireland,1994,28,5.007,25550
Ireland,1995,34,31.653,130300
Ireland,1996,32,13.339,114585
Ireland,1997,28,5.364,74508
Ireland,1998,34,8.06,37374
Ireland,1999,32,36.505,215587
Ireland,2000,39,28.192,97046
Ireland,2001,26,32.168,114613
Ireland,2002,27,3.553,21257
Ireland,2003,24,3.567,37482
Ireland,2004,11,10.227,20784
Ireland,2005,15,3.291,26665
Ireland,2006,10,1.186,7352
Ireland,2007,6,1.436,6038
Ireland,2008,12,0.356,4179
Ireland,2009,23,278.228,329593
Ireland,2010,14,0.511,6602
Ireland,2011,8,1.384,3695
Ireland,2012,5,1.92,8486
Ireland,2013,12,11.924,14965
Ireland,2014,11,31.665,44015
Ireland,2015,9,37.76,32964
Ireland,2016,10,29.372,71647
Ireland,2017,10,9.456,50191
Ireland,2018,10,1.814,4050
Ireland,2019,9,42.656,
Ireland,2022,7,4.078,5256
Ireland,2023,8,,4200
Ireland,2024,5,0.608,3580
Isle of Man,1981,2,0.358,490
Isle of Man,1982,2,0.049,107
Isle of Man,1984,3,0.032,305
Isle of Man,1985,3,37,123
Isle of Man,1986,6,56,484
Isle of Man,1987,7,96,755
Isle of Man,1988,3,472,10082
Isle of Man,1989,1,18,11
Isle of Man,1990,3,365,5420
Isle of Man,1993,1,75,652
Isle of Man,1996,1,20,25
Isle of Man,1999,1,120,480
Isle of Man,2013,3,445,14
Isle of Man,2014,3,445,14
Israel,1972,168,87.309,235058
Israel,1973,96,122.338,375020
Israel,1974,71,27.141,51333
Israel,1975,117,114.091,164509
Israel,1976,123,114.97,308214
Israel,1977,126,194.297,416526
Israel,1978,85,224.354,1071961
Israel,1979,117,250.42,539162
Israel,1980,84,91.451,216516
Israel,1981,90,315.3,782300
Israel,1982,112,838.7,1814900
Israel,1983,93,188.3,977700
Israel,1984,149,528.6,995500
Israel,1985,131,474,540100
Israel,1986,142,215.2,406300
Israel,1987,174,814.5,995500
Israel,1988,156,327.2,516100
Israel,1989,120,209.8,234100
Israel,1990,117,571.2,1071300
Israel,1991,77,38.8,97900
Israel,1992,114,211.8,386700
Israel,1993,73,462.2,1636900
Israel,1994,75,106.047,792553
Israel,1995,71,75.792,257796
Israel,1996,75,124.215,190146
Israel,1997,69,434.335,2416254
Israel,1998,53,265.781,1438944
Israel,1999,66,292.583,1640890
Israel,2000,54,297.882,2011263
Israel,2001,62,426.56,2039973
Israel,2002,47,1647.81,1488120
Israel,2003,60,1258.904,2725159
Israel,2004,49,722.875,1224423
Israel,2005,57,103.666,244236
Israel,2006,35,125.73,136189
Israel,2007,30,386.075,2548627
Israel,2008,14,19.275,87151
Israel,2009,15,50.866,208691
Israel,2010,24,35.844,168864
Israel,2011,27,290.8,552609
Israel,2012,24,168.95,462960
Israel,2013,25,21.73,52274
Israel,2014,26,38.808,103553
Israel,2015,38,29.891,167353
Israel,2016,32,88.371,138685
Israel,2017,48,815.198,672842
Israel,2018,46,42.906,148190
Israel,2019,45,45.086,110422
Israel,2020,31,35.032,390822
Israel,2022,32,139.471,333706
Israel,2023,,97.856,335287
Israel,2024,,,761791.5
Italy,1971,5598,3891.253,14798589
Italy,1972,4756,4405.251,19497143
Italy,1973,3769,6132.747,23419286
Italy,1974,5174,7824.397,19466714
Italy,1975,3601,14109.732,27189142
Italy,1976,2706,11897.819,25377571
Italy,1977,3308,13802.955,16566143
Italy,1978,2479,8774.193,10177033
Italy,1979,2000,16237.444,27530428
Italy,1980,2238,13824.641,16457286
Italy,1981,2204,8226.626,10527286
Italy,1982,1747,10483.018,18562857
Italy,1983,1565,6844.17,14003000
Italy,1984,1816,7356.525,8703286
Italy,1985,1341,4842.821,3830820
Italy,1986,1469,3606.692,5643710
Italy,1987,1149,4272.733,4605714
Italy,1988,1769,2712.084,3315143
Italy,1989,1297,4451.833,4436100
Italy,1990,1094,1633.996,5181300
Italy,1991,791,2952.242,2985000
Italy,1992,903,3178,2737100
Italy,1993,1054,4384,3411000
Italy,1994,861,2614,3374000
Italy,1995,545,445,909300
Italy,1996,904,1689.4,1930000
Italy,1997,923,737.3,1185600
Italy,1998,1103,435.4,580400
Italy,1999,753,935,909100
Italy,2000,966,687,884100
Italy,2001,746,1125,1026000
Italy,2002,616,5442,4861000
Italy,2003,710,2560.7,1961700
Italy,2004,745,709.48,698571
Italy,2005,654,960.854,906857
Italy,2006,587,466.855,554713
Italy,2007,667,906.292,929714
Italy,2008,621,669.153,722714
Italy,2009,889,266.531,
Jamaica,1986,40,4.656,13571
Jamaica,1987,30,4.764,18269
Jamaica,1988,66,5.386,45894
Jamaica,1989,64,6.568,28730
Jamaica,1990,65,10.173,30676
Jamaica,1991,57,22.39,47674
Jamaica,1992,68,23.312,154172
Jamaica,1993,69,19.452,83269
Jamaica,1994,95,57.597,155491
Jamaica,1995,69,66.59,181020
Jamaica,1996,59,13.265,39624
Jamaica,1997,70,18.494,50610
Jamaica,1998,62,22.888,94996
Jamaica,1999,43,31.992,69025
Jamaica,2000,28,9.385,22580
Jamaica,2001,14,3.275,13178
Jamaica,2002,19,2.4,4963
Jamaica,2003,29,25.568,65976
Jamaica,2004,16,0.863,1553
Jamaica,2005,7,0.68,1340
Jamaica,2017,2,,238
Jamaica,2018,5,,9377
Japan,1969,1783,1411.898,3633584
Japan,1970,2260,1720.135,3914807
Japan,1971,2527,1896.252,6028746
Japan,1972,2498,1543.557,5146668
Japan,1973,3326,2236.119,4603821
Japan,1974,5211,3621.049,9662945
Japan,1975,3391,2732.184,8015772
Japan,1976,2720,1356.025,3253715
Japan,1977,1712,691.908,1518476
Japan,1978,1517,659.966,1357502
Japan,1979,1153,449.504,930304
Japan,1980,1133,562.921,1001224
Japan,1981,955,247.114,553726
Japan,1982,944,215.701,538143
Japan,1983,893,224.129,506873
Japan,1984,596,155.058,354050
Japan,1985,627,123.393,264054
Japan,1986,620,118.032,253418
Japan,1987,474,101.132,256100
Japan,1988,498,74.856,173797
Japan,1989,362,85.786,219592
Japan,1990,284,84.303,144511
Japan,1991,310,52.762,96445
Japan,1992,263,109.296,231424
Japan,1993,252,64.007,116003
Japan,1994,230,49.009,85377
Japan,1995,209,37.542,76971
Japan,1996,193,23.196,42809
Japan,1997,178,47.185,110171
Japan,1998,145,26.291,101508
Japan,1999,154,25.673,87069
Japan,2000,118,15.322,35050
Japan,2001,90,12.172,29101
Japan,2002,74,7.015,12262
Japan,2003,47,4.447,6727
Japan,2004,51,6.998,9755
Japan,2005,50,4.119,5629
Japan,2006,46,5.766,7914
Japan,2007,54,20.825,33236
Japan,2008,52,8.284,11205
Japan,2009,92,20.543,7492
Japan,2010,85,21.262,23244
Japan,2011,57,8.604,4378
Japan,2012,79,12.361,3839
Japan,2013,71,12.91,7035
Japan,2014,80,27.919,19932
Japan,2015,86,23.286,14606
Japan,2016,66,15.833,3190
Japan,2017,68,17.612,14741
Japan,2018,58,10.059,1477
Japan,2021,55,7.858,1388
Japan,2023,75,8.414,3652
Jordan,1996,0,0,0
Jordan,1997,0,0,0
Jordan,1998,0,0,0
Jordan,1999,0,0,0
Jordan,2000,0,0,0
Jordan,2001,0,0,0
Jordan,2002,0,0,0
Jordan,2003,0,0,0
Jordan,2004,0,0,0
Jordan,2005,0,0,0
Kenya,1969,110,38.793,87816
Kenya,1970,84,18.941,49517
Kenya,1971,74,14.398,32681
Kenya,1972,94,28.006,42462
Kenya,1973,83,14.125,42267
Kenya,1974,123,22.144,127951
Kenya,1975,26,4.148,8755
Kenya,1976,44,12.964,26248
Kenya,1977,45,7.288,9226.5
Kenya,1978,43,9.459,18726
Kenya,1981,74,18.117,40255
Kenya,1982,100,22.372,26658
Kenya,1983,75,12.851,18518
Kenya,1984,69,7.663,39395
Kenya,1985,87,17.207,28961
Kenya,1986,110,33.588,168010
Kenya,1987,109,27.96,91812
Kenya,1988,98,,
Kenya,1989,121,21.279,45993
Kenya,1997,44,16.029,217012
Latvia,1997,,,110
Latvia,1998,,,16
Latvia,1999,,,26692
Latvia,2000,,,0
Latvia,2001,,,6
Latvia,2002,,,3055
Latvia,2003,,,0
Latvia,2004,,,0
Latvia,2005,0,0,0
Latvia,2006,0,0,0
Latvia,2007,0,0,0
Latvia,2008,14,0.812,3254
Latvia,2009,2,0.029,58
Latvia,2010,0,0,0
Latvia,2011,0,0,0
Latvia,2012,1,0.035,560
Latvia,2013,0,0,0
Latvia,2014,0,0,0
Latvia,2015,250,22.854,22018
Latvia,2016,0,0,0
Latvia,2017,15,0.061,118
Latvia,2018,0,0,0
Latvia,2019,0,0,0
Latvia,2020,0,0,0
Latvia,2021,0,0,0
Latvia,2022,5,0.193,93
Latvia,2023,37,1.513,2203
Latvia,2024,0,0,0
Lithuania,2000,56,3.303,10394
Lithuania,2001,34,1.703,2167
Lithuania,2002,0,0,3055
Lithuania,2003,0,0,0
Lithuania,2004,0,0,0
Lithuania,2005,1,0.07,834
Lithuania,2006,0,0,0
Lithuania,2007,161,7.033,9559
Lithuania,2008,112,7.961,31601
Lithuania,2012,193,5.558,3080
Lithuania,2014,78,,1591
Lithuania,2015,296,7.126,2428
Lithuania,2016,242,6.295,35646
Lithuania,2017,1,2.205,552
Lithuania,2018,196,4.498,32214
Lithuania,2019,2,6.81,1874
Lithuania,2022,2,,
Lithuania,2023,2,7.869,24077
Madagascar,1981,8,1.028,2936
Madagascar,1982,8,2.233,16155
Madagascar,1983,18,0.324,2642
Malaysia,1980,38,5.016,24549
Malaysia,1981,31,6.789,20167
Malaysia,1982,28,3.525,9970
Malaysia,1983,25,2.598,8020
Malaysia,1984,19,2.751,11516
Malaysia,1985,25,9.021,36030
Malaysia,1986,23,3.957,14328
Malaysia,1987,13,3.178,11035
Malaysia,1988,9,2.192,5784
Malaysia,1989,17,4.761,22877
Malaysia,1990,17,98.51,301978
Malaysia,1991,23,4.207,23448
Malaysia,1992,17,6.11,16164
Malaysia,1993,18,2.399,7162
Malaysia,1994,15,2.289,5675
Malaysia,1995,13,1.748,4884
Malaysia,1996,9,0.995,2553
Malaysia,1997,5,0.812,2396
Malaysia,1998,12,1.778,2685
Malaysia,1999,11,3.452,10554.5
Malaysia,2000,11,2.969,6068
Malaysia,2001,13,2.209,5599
Malaysia,2002,4,0.506,1638
Malaysia,2003,2,,
Malaysia,2014,0,0,0
Malaysia,2015,0,0,0
Malaysia,2016,0,0,0
Malaysia,2017,0,0,0
Malaysia,2022,0,0,0
Malta,1971,23,2.103,24070
Malta,1972,42,11.999,14677
Malta,1973,60,12.513,42300
Malta,1974,36,8.573,15069
Malta,1975,30,5.262,14136
Malta,1976,17,3.724,6971
Malta,1977,62,10.98,75894
Malta,1978,11,5.133,28400
Malta,1979,14,3.398,33679
Malta,1980,12,0.764,5018
Malta,1987,2,0.322,714
Malta,1988,7,8.731,8327
Malta,1989,71,12.999,3742
Malta,1990,19,2.404,4565
Malta,1991,8,0.589,461
Malta,1992,5,0.323,99
Malta,1993,13,3.884,2607
Malta,1994,10,2,2830
Malta,1995,13,3.141,5302
Malta,1996,8,5.091,16015
Malta,1997,9,3.289,14652
Malta,1998,8,0.785,1828
Malta,2000,12,5.305,4764
Malta,2001,13,1.659,2793
Malta,2002,5,0.678,744
Malta,2003,8,1.945,3306
Malta,2004,6,0.523,1652
Malta,2005,8,0.972,1341
Malta,2006,8,7.023,2935
Malta,2007,5,1.106,721
Malta,2008,4,1.522,1771
Malta,2009,3,6.43,7594.5
Malta,2011,3,1.323,606.75
Malta,2012,4,0.622,1126
Mauritius,1969,13,1.605,3774
Mauritius,1970,8,2.073,5214
Mauritius,1971,19,25.845,142916
Mauritius,1972,1,0.15,150
Mauritius,1973,9,29.738,88588
Mauritius,1974,26,8.449,17847
Mauritius,1975,69,70.075,123930
Mauritius,1976,86,67.841,114716
Mauritius,1977,41,9.629,11644
Mauritius,1978,33,42.813,46591
Mauritius,1979,29,64.698,373058
Mauritius,1980,7,3.76,12548
Mauritius,1981,9,5.522,15177
Mauritius,1982,19,6.967,12396
Mauritius,1983,25,12.732,27721
Mauritius,1984,18,5.951,7895
Mauritius,1985,15,10.317,12203
Mauritius,1986,16,1.883,2507
Mauritius,1987,43,11.009,16552
Mauritius,1988,30,9.153,18120
Mauritius,1989,15,4.472,14720
Mauritius,1990,8,1.7,3136
Mauritius,1991,6,0.426,117
Mauritius,1992,9,1.823,5602
Mauritius,1993,4,0.262,248
Mauritius,1994,9,1.138,1462
Mauritius,1995,7,0.296,2165
Mauritius,1996,18,1.631,2727
Mauritius,1997,23,1.889,22202
Mauritius,1998,21,0.908,14093
Mauritius,1999,19,0.881,2778.8
Mauritius,2000,25,3.905,4531.03
Mauritius,2001,25,1.796,6719.67
Mauritius,2002,29,4.034,7439.98
Mauritius,2003,46,3.177,7733.66
Mauritius,2004,47,2.958,114
Mauritius,2005,17,3.64,10309.84
Mauritius,2006,13,1.478,4290
Mauritius,2007,29,4.687,15214.46
Mauritius,2008,15,2.148,15481.94
Mauritius,2011,15,1.336,1500.03
Mauritius,2012,11,0.66,799.28
Mauritius,2015,12,2.621,5939
Mauritius,2016,8,0.854,1764
Mauritius,2017,3,0,0
Mauritius,2018,,0,0
Mauritius,2019,2,0,0
Mauritius,2020,9,0,0
Mauritius,2021,11,0,0
Mauritius,2022,6,0,0
Mauritius,2023,2,0,0
Mauritius,2024,1,0,0
Mexico,1969,144,4.442,
Mexico,1970,206,14.329,
Mexico,1971,204,9.299,
Mexico,1972,207,2.684,
Mexico,1973,211,8.395,
Mexico,1974,742,17.863,
Mexico,1975,236,9.68,
Mexico,1976,547,23.684,
Mexico,1977,476,13.411,
Mexico,1978,758,14.976,
Mexico,1979,795,17.264,
Mexico,1980,1339,42.774,
Mexico,1981,1066,31.512,
Mexico,1982,1925,25.173,1363200
Mexico,1983,216,45.949,775100
Mexico,1984,427,65.359,238000
Mexico,1985,159,57.354,333600
Mexico,1986,312,82.7,1836800
Mexico,1987,174,201,2677100
Mexico,1988,132,117.8,2097500
Mexico,1989,118,57.866,1519500
Mexico,1990,150,49.315,1598700
Mexico,1991,136,64.855,1619500
Mexico,1992,156,91.352,1601900
Mexico,1993,155,31.708,1843000
Mexico,1994,116,27.134,1370400
Mexico,1995,96,12.249,150123
Mexico,1996,51,10.525,163353
Mexico,1997,39,9.375,113288
Mexico,1998,33,10.818,89410
Mexico,1999,32,50.195,65663
Mexico,2000,26,60.015,847201
Mexico,2001,35,23.234,246186
Mexico,2002,45,22.66,371347
Mexico,2003,44,11.797,107604
Mexico,2004,38,24.628,178791
Mexico,2005,50,12.208,222408
Mexico,2006,55,59.788,661401
Mexico,2007,28,10.601,200856
Mexico,2008,21,13.242,286430
Mexico,2009,19,6.32,1477
Mexico,2010,11,7.253,1133
Mexico,2011,13,4.851,49757
Mexico,2012,19,2.98,99029
Mexico,2013,18,8.597,212130
Mexico,2014,0,8.564,0
Mexico,2015,0,4.541,0
Mexico,2016,2,2.147,4785
Mexico,2017,1,2.205,11620
Mexico,2018,0,8.528,0
Mexico,2019,9,14.789,656
Mexico,2020,9,3.008,1126
Mexico,2021,2,4.898,876
Mexico,2022,7,27.079,167
Mongolia,2017,239,5.924,37
Mongolia,2018,90,5.085,413
Mongolia,2019,2,0.109,1
Mongolia,2020,1,0.107,1
Mongolia,2021,1,0.023,1
Mongolia,2022,2,0.686,2
Mongolia,2023,2,0.567,0
Mongolia,2024,9,4.873,0
Morocco,1969,74,17.029,151474
Morocco,1970,97,17.211,81274
Morocco,1971,259,82.027,589334
Morocco,1972,479,100.767,785860
Morocco,1973,462,52.32,353499
Morocco,1974,367,65.463,320631
Morocco,1975,267,35.768,228523
Morocco,1976,521,83.061,479863
Morocco,1977,421,60.433,375802
Morocco,1978,490,73.672,335722
Morocco,1979,779,88.087,429397
Morocco,1980,748,67.25,575135
Morocco,1981,359,38.729,303921
Morocco,1982,480,43.768,290087
Morocco,1983,338,31.07,174796
Morocco,1984,297,38.115,224099
Morocco,1985,222,40.425,223659
Morocco,1986,245,31.653,151054
Morocco,1987,198,37.049,260981
Morocco,1988,124,14.118,122067
Morocco,1989,208,53.19,301841
Morocco,1990,178,21.28,322683
Morocco,1991,364,40.591,381637
Morocco,1992,310,30.896,285786
Morocco,1993,323,46.269,487042
Morocco,1994,388,31.962,504750
Morocco,1995,337,26.044,182553
Morocco,1996,344,29.403,353484
Morocco,1997,370,27.803,231459
Morocco,1998,403,42.531,386303
Morocco,1999,492,43.293,455831
Morocco,2000,484,43.619,395703
Morocco,2001,309,37.259,259906
Morocco,2002,267,21.238,141083
Myanmar,1986,0,0,0
Myanmar,1987,0,0,0
Myanmar,1988,0,0,0
Myanmar,1989,0,0,0
Myanmar,1990,0,0,0
Myanmar,1991,0,0,0
Myanmar,1992,0,0,0
Myanmar,1993,0,0,0
Myanmar,1994,0,0,0
Myanmar,1995,0,0,0
Myanmar,1996,0,0,0
Myanmar,1997,1,1.357,1357
Myanmar,1998,0,0,0
Myanmar,1999,13,2,2000
Myanmar,2000,10,4.875,4875
Myanmar,2001,18,7.226,7226
Myanmar,2002,11,4.55,4550
Myanmar,2003,28,12.979,12979
Myanmar,2004,9,3.723,3723
Myanmar,2005,4,1.25,1250
Myanmar,2006,6,1.109,1109
Myanmar,2007,7,1.019,1019
Myanmar,2008,6,1.087,1087
Namibia,1990,24,6.231,470600
Namibia,1991,8,0.692,17550
Namibia,1992,23,4.778,2592482
Namibia,1993,5,3.783,401056
Namibia,1994,7,,
Nepal,1984,5,,
Nepal,1985,5,,
Nepal,1986,2,,
Nepal,1987,3,,
Nepal,1992,160,,
Nepal,1993,71,,
Nepal,1994,26,,
Nepal,1995,31,,
Nepal,1996,54,,26696
Nepal,1997,54,,68742
Nepal,1998,44,,24753
Nepal,1999,49,,98691
Nepal,2000,36,,174526
Nepal,2001,21,,7206
Nepal,2002,22,,12355
Netherlands,1971,15,35.56,96846
Netherlands,1972,31,19.548,134187
Netherlands,1973,7,58.113,583783
Netherlands,1974,14,2.979,6864
Netherlands,1975,5,0.268,480
Netherlands,1976,11,15.255,13984
Netherlands,1977,44,44.12,246818
Netherlands,1978,32,9.894,5832
Netherlands,1979,57,37.341,308872
Netherlands,1980,22,25.647,56832
Netherlands,1981,11,8.6,24114
Netherlands,1982,12,69.766,215441
Netherlands,1983,9,20.307,118162
Netherlands,1984,16,16.158,29181
Netherlands,1985,45,22.57,89390
Netherlands,1986,35,17.029,38858
Netherlands,1987,28,12.562,58276
Netherlands,1988,38,5.233,8922
Netherlands,1989,27,15.356,23820
Netherlands,1990,29,24.978,206717
Netherlands,1991,28,42.05,96356
Netherlands,1992,23,52.419,85416
Netherlands,1993,12,20.662,44673
Netherlands,1994,17,21.809,47387
Netherlands,1995,14,55,691500
Netherlands,1996,12,8.1,7400
Netherlands,1997,17,7.2,14600
Netherlands,1998,22,30.8,33200
Netherlands,1999,24,58.9,75800
Netherlands,2000,23,10.3,9400
Netherlands,2001,16,37.4,45100
Netherlands,2002,16,28.6,245500
Netherlands,2003,14,104.2,62200
Netherlands,2004,12,104.2,62200
Netherlands,2005,28,29,41700
Netherlands,2006,31,11.3,15800
Netherlands,2007,20,20.7,26400
Netherlands,2008,21,51.9,120600
Netherlands,2009,25,3.6,4600
Netherlands,2010,21,14.1,59200
Netherlands,2011,17,4.71,22000
Netherlands,2012,18,8.96,219400
Netherlands,2013,24,4.5,19400
Netherlands,2014,25,10.2,40900
Netherlands,2015,27,42.4,47600
Netherlands,2016,25,11.1,19200
Netherlands,2017,32,146.9,306300
Netherlands,2018,28,33.7,239100
Netherlands,2019,26,318.7,391000
Netherlands,2020,9,105.3,211000
Netherlands,2021,22,28.2,59300
Netherlands,2022,33,16.5,39400
Netherlands,2023,52,17.4,142100
Netherlands,2024,36,21.3,53700
Netherlands Antilles,1976,10,0.561,653
Netherlands Antilles,1977,8,1.874,2924
Netherlands Antilles,1978,11,4.808,10624
Netherlands Antilles,1979,8,3.914,29915
Netherlands Antilles,1980,4,0.585,1275
Netherlands Antilles,1981,10,1.36,6613
Netherlands Antilles,1982,8,2.082,18452
Netherlands Antilles,1983,8,1.908,10644
Netherlands Antilles,1984,6,0.905,
Netherlands Antilles,1985,10,1.839,11726
Netherlands Antilles,1986,16,3.841,8898
Netherlands Antilles,1987,8,0.606,581
Netherlands Antilles,1988,8,1.018,1349
Netherlands Antilles,1989,15,0.985,990
Netherlands Antilles,1990,24,4.905,22344
Netherlands Antilles,1991,40,6.017,10742
Netherlands Antilles,1992,59,16.961,15407
Netherlands Antilles,1993,39,5.579,8743
Netherlands Antilles,1994,33,4.963,6540
Netherlands Antilles,1995,32,7.018,10887
Netherlands Antilles,1996,31,19.917,15362
Netherlands Antilles,1997,33,3.856,9478
Netherlands Antilles,1998,25,1.669,2512
Netherlands Antilles,1999,36,3.134,2966
Netherlands Antilles,2000,24,3.877,5446
New Caledonia,2006,56,,34360
New Caledonia,2007,52,6151,21259
New Caledonia,2008,48,1958,7913
New Caledonia,2009,65,5397,23486
New Caledonia,2010,53,4601,13763
New Caledonia,2011,47,5454,19238
New Caledonia,2012,41,4081,13123
New Caledonia,2013,21,1448,6670
New Caledonia,2014,18,,
New Caledonia,2015,20,,
New Zealand,1971,313,86.009,162563
New Zealand,1972,266,60.429,134505
New Zealand,1973,394,115.865,271706
New Zealand,1974,380,70.904,183688
New Zealand,1975,428,74.82,214632
New Zealand,1976,487,201.085,488441
New Zealand,1977,562,159.407,436808
New Zealand,1978,411,157.903,380605
New Zealand,1979,523,158.195,381896
New Zealand,1980,360,127.651,373496
New Zealand,1981,291,135.006,388086
New Zealand,1982,333,155.969,330028
New Zealand,1983,333,140.73,371774
New Zealand,1984,364,160.279,424921
New Zealand,1985,383,182.154,756432
New Zealand,1986,215,100.633,1329054
New Zealand,1987,193,80.092,366307
New Zealand,1988,172,103.981,381710
New Zealand,1989,171,78.921,193308
New Zealand,1990,137,50.007,330923
New Zealand,1991,71,51.962,99030
New Zealand,1992,54,26.803,113742
New Zealand,1993,58,21.803,23770
New Zealand,1994,68,16.042,38265
New Zealand,1995,69,32.048,53352
New Zealand,1996,72,42.307,69514
New Zealand,1997,42,7.646,24616
New Zealand,1998,35,15.205,11778
New Zealand,1999,32,10.747,16674
New Zealand,2000,21,2.632,11495
New Zealand,2001,42,22.022,54440
New Zealand,2002,46,23.309,34398
New Zealand,2003,28,5.098,19463
New Zealand,2004,34,6.127,6162
New Zealand,2005,60,17.752,30028
New Zealand,2006,42,10.079,27983
New Zealand,2007,31,4.09,11439
New Zealand,2008,23,,
New Zealand,2009,31,8.951,14088
New Zealand,2010,17,6.394,6285
New Zealand,2011,12,2.098,4850
New Zealand,2012,10,5.179,78589
New Zealand,2013,6,0.27,483
New Zealand,2014,13,1.564,1448
New Zealand,2015,5,1.845,392.5
New Zealand,2016,3,0.43,195
New Zealand,2017,6,0.421,370
New Zealand,2018,143,11.109,192
New Zealand,2019,110,52.042,378
Nicaragua,1989,47,15.242,
Nicaragua,1990,55,2.42,7866
Nicaragua,1991,133,28.835,709988
Nicaragua,1992,85,20.871,184986
Nicaragua,1993,41,7.639,26763
Nicaragua,1994,10,1.109,8931
Nicaragua,1995,11,0.936,3986
Nicaragua,1996,17,2.552,6961
Nicaragua,1997,8,0.448,824
Nicaragua,1998,4,1.193,2513
Nicaragua,1999,0,0.073,73
Nicaragua,2000,0,0,0
Nicaragua,2001,0,0,0
Nicaragua,2002,0,0,0
Nicaragua,2004,1,0.051,51
Niger,1985,6,6.954,1.92
Niger,1986,2,0.04,0.85
Niger,1987,3,4.073,0.72
Niger,1988,9,2.676,3.6
Niger,1989,11,1.254,3.09
Niger,1990,28,1.288,8.01
Niger,1991,3,2.272,0.12
Nigeria,1969,49,20.724,81268
Nigeria,1970,34,20.015,52630
Nigeria,1971,118,79.598,233863
Nigeria,1972,85,29.656,65254
Nigeria,1973,69,43.504,106387
Nigeria,1974,163,62.693,159613
Nigeria,1975,394,214.56,469186
Nigeria,1976,107,55.273,160822
Nigeria,1977,169,143.099,453245
Nigeria,1978,73,67.748,739179
Nigeria,1979,136,223.691,1566475
Nigeria,1980,185,141.676,1353893
Nigeria,1981,237,359.379,2617082
Nigeria,1982,240,1140.882,9188507
Nigeria,1983,154,816.793,7268444
Nigeria,1984,68,44.47,298184
Nigeria,1985,56,18.554,317926
Nigeria,1986,101,28.831,214606
Nigeria,1987,50,38.648,172596
Nigeria,1988,63,23.789,124989
Nigeria,1989,89,104.193,511695
Nigeria,1990,126,275.895,1373540
Nigeria,1991,125,269.53,2588825
Nigeria,1992,187,262.309,1185381
Nigeria,1993,137,1112.052,12908412
Nigeria,1994,156,1498.287,233684771
Nigeria,1995,45,295.69,32776
Nigeria,1996,29,19.826,94664
Nigeria,1997,31,59.977,359801
Nigeria,1998,16,7.694,47631
Nigeria,1999,52,173.858,3158087
Nigeria,2000,49,344.722,6287733
Nigeria,2001,24,57.188,1030199
Nigeria,2002,52,49.155,2578692
Nigeria,2003,77,249.697,5690952
Nigeria,2004,36,127.377,2737399
Nigeria,2005,149,280.606,4308013
Nigeria,2006,189,208.589,7785993
Norway,1971,10,2.519,9105
Norway,1972,9,1.185,12402
Norway,1973,12,2.38,11382
Norway,1974,13,22.149,318433
Norway,1975,22,3.282,12473
Norway,1976,35,21.586,137651
Norway,1977,15,2.429,25049
Norway,1978,14,4.459,62888
Norway,1979,10,2.773,7010
Norway,1980,35,18.752,103807
Norway,1981,17,4.294,28257
Norway,1982,12,24.581,281183
Norway,1983,9,1.018,5897
Norway,1984,21,30.635,104349
Norway,1985,11,6.557,66473
Norway,1986,16,165.742,1030928
Norway,1987,10,2.462,12905
Norway,1988,15,8.332,83254
Norway,1989,14,11.287,16880
Norway,1990,15,60.674,139047
Norway,1991,4,0.396,2564
Norway,1992,16,38.925,365319
Norway,1993,12,6.604,33832
Norway,1994,20,14.735,97213
Norway,1995,11,10.174,50669
Norway,1996,18,53.257,549842
Norway,1997,6,1.305,6972
Norway,1998,36,26.95,286407
Norway,1999,15,0.651,7148
Norway,2000,29,93.889,496568
Norway,2001,3,0.029,619
Norway,2002,16,9.865,150775
Norway,2003,5,0.095,962
Norway,2004,12,9.873,141179
Norway,2005,2,0.591,10998
Norway,2006,12,29.109,146758
Norway,2007,4,0.519,3954
Norway,2008,10,12.963,62568
Norway,2009,,,180
Norway,2010,,0.067,500009
Norway,2011,,0.114,526
Norway,2012,,41.82,360643
Norway,2013,6,1.385,10849
Norway,2014,10,8.983,148009
Norway,2015,7,0.831,25329
Norway,2016,14,8.858,165798
Norway,2017,10,0.401,8942
Norway,2018,11,3.502,24142
Norway,2019,8,1.934,21532
Norway,2020,7,9.4,135800
Norway,2021,12,24,116300
Norway,2022,5,13.9,188200
Norway,2023,5,25.6,75300
Norway,2024,10,4.3,31200
Pakistan,1971,141,107.962,815211
Pakistan,1972,341,125.588,611908
Pakistan,1973,229,126.93,399317
Pakistan,1974,191,141.15,736174
Pakistan,1975,260,129.385,798183
Pakistan,1976,171,77.502,514891
Pakistan,1977,81,49.093,200865
Pakistan,1978,85,58.565,107627
Pakistan,1979,65,38.733,247867
Pakistan,1980,59,24.71,54730
Pakistan,1981,64,47.236,521803
Pakistan,1982,26,22.409,909272
Pakistan,1983,63,29.163,590406
Pakistan,1984,81,30.702,157748
Pakistan,1985,58,35.858,159427
Pakistan,1986,26,12.929,189025
Pakistan,1987,26,12.992,270794
Pakistan,1988,18,8.231,197351
Pakistan,1989,42,29.655,186309
Pakistan,1990,99,61.579,186710
Pakistan,1991,94,116.306,582694
Pakistan,1992,40,73.357,398128
Pakistan,1994,25,15.434,341196
Pakistan,1995,24,10.919,63626
Pakistan,1996,30,18.564,203323
Pakistan,1997,30,7.865,283342
Pakistan,1998,20,6.097,122519
Pakistan,1999,9,5.191,188453
Pakistan,2000,4,0.225,667
Pakistan,2001,4,0.711,7078
Pakistan,2002,4,0.516,12160
Pakistan,2003,17,1.263,7183
"Palestine, State of",2013,33,,83
Panama,1969,9,1.835,968
Panama,1970,6,7.51,13148
Panama,1971,280,15.606,
Panama,1973,11,1.414,
Panama,1974,3,0.232,1063
Panama,1975,6,,
Panama,1976,15,2.08,18939
Panama,1977,4,0.205,915
Panama,1978,3,0.867,3003
Panama,1979,10,1.161,44292
Panama,1980,18,2.438,158744
Panama,1981,16,7.835,248281
Panama,1982,7,1.333,5463
Panama,1983,9,6.677,87267
Panama,1984,12,0.755,15942
Panama,1985,7,0.795,19867
Panama,1986,13,8.057,316497
Panama,1987,7,1.727,450249
Panama,1988,3,0.549,24686
Panama,1989,0,0,0
Panama,1990,0,0,0
Panama,1991,0,0,0
Panama,1992,1,0.052,352
Panama,1993,0,0,0
Panama,1994,1,0.597,4776
Panama,1995,2,0.89,4600
Panama,1996,5,13.924,69520
Panama,1997,1,10.25,3360
Panama,1998,3,269.26,2154130
Panama,1999,9,34.804,14852
Panama,2000,2,0.026,30168
Panama,2001,10,4.172,340623
Panama,2002,4,2.454,3372
Panama,2003,3,0.65,49000
Panama,2004,1,0.007,952
Panama,2005,1,0.02,540
Panama,2006,3,0.395,2109
Panama,2007,4,0.69,249
Panama,2008,7,1.238,31
Panama,2009,10,2.492,64
Panama,2010,6,0.614,10
Panama,2011,1,0.075,4
Panama,2012,1,0.02,1
Panama,2013,1,0.03,3
Panama,2014,2,0.06,16
Panama,2015,2,1.956,19
Panama,2016,2,0.19,2
Panama,2017,0,0,0
Panama,2018,1,80.797,31
Panama,2019,0,0,0
Panama,2020,0,0,0
Panama,2021,4,2.227,316
Panama,2022,4,0.715,36
Panama,2023,3,2.077,9
Panama,2024,2,0.07,6
Papua New Guinea,1975,105,10.205,14839
Papua New Guinea,1976,52,5.207,13207
Papua New Guinea,1977,64,7.713,23671
Papua New Guinea,1978,63,3.726,12046
Papua New Guinea,1979,89,12.191,47586
Papua New Guinea,1980,53,11.311,21395
Papua New Guinea,1981,58,9.53,32966
Papua New Guinea,1982,39,7.226,26975
Papua New Guinea,1983,30,8.029,21350
Papua New Guinea,1984,21,4.73,21747
Papua New Guinea,1985,33,5.51,12893
Papua New Guinea,1989,29,,
Papua New Guinea,1990,13,5.676,26439
Papua New Guinea,1991,4,0.725,1218
Papua New Guinea,1992,11,1.848,6733
Papua New Guinea,1993,10,2.095,5424
Peru,1969,372,91.531,486163
Peru,1970,345,110.99,722732
Peru,1971,377,161.415,1360244
Peru,1972,409,130.643,791250
Peru,1973,788,416.251,1961375
Peru,1974,570,362.737,1676750
Peru,1975,779,617.12,2533625
Peru,1976,440,258.101,852750
Peru,1977,234,1315.361,1726319
Peru,1978,364,1398.387,4518092
Peru,1979,653,841.144,1676342
Peru,1980,739,481.484,2239861
Peru,1981,871,856.915,2496742
Peru,1982,809,572.263,2843875
Peru,1983,643,785.545,2537500
Peru,1984,509,702.859,1727000
Peru,1985,579,237.695,1528500
Peru,1986,648,249.291,2108375
Peru,1987,720,304.1,1133500
Peru,1988,814,679.3,4784375
Peru,1989,667,208.2,1902875
Peru,1990,613,258.234,1883485
Peru,1991,315,180.728,1110110
Peru,1992,219,114.656,289922
Peru,1993,151,41.474,270970
Peru,1994,168,62.94,242075
Peru,1995,102,28.182,131094
Peru,1996,77,36.242,174985
Peru,1997,66,19.196,39926
Peru,1998,58,17.333,40396
Peru,1999,71,52.08,90532
Peru,2000,37,5.28,22711
Peru,2001,40,11.05,61116
Peru,2002,64,22.925,111815
Peru,2003,68,37.323,881362
Peru,2004,107,29.273,582328
Peru,2005,65,19.022,478738
Peru,2006,67,19.565,446584
Peru,2007,73,48.096,2216520
Peru,2008,63,34.011,1520960
Peru,2009,99,36.114,1452466
Peru,2010,83,30.606,1279380
Peru,2011,84,26.77,1799416
Peru,2012,89,25.845,1878696
Peru,2013,94,26.736,1573202
Peru,2014,95,40.681,3153018
Peru,2015,47,32.066,1925632
Peru,2016,41,20.463,3084056
Peru,2017,45,56.61,3006494
Peru,2018,54,21.496,738864
Peru,2019,67,110.154,2085856
Peru,2020,23,127.868,3653184
Peru,2021,38,209.142,3027240
Peru,2022,41,29.145,2122932
Peru,2023,55,77.883,1462009
Peru,2024,63,76.704,2295516
Philippines,1969,122,62.803,1066642
Philippines,1970,104,36.852,994689
Philippines,1971,157,62.138,1429195
Philippines,1972,69,33.396,1003646
Philippines,1976,91,72.689,218067
Philippines,1977,30,30.183,34198
Philippines,1978,47,33.731,156203
Philippines,1979,39,16.728,173881
Philippines,1980,62,20.902,105294
Philippines,1981,260,98.585,795960
Philippines,1982,158,53.824,1670018
Philippines,1983,155,33.638,581291
Philippines,1984,282,65.306,1907762
Philippines,1985,371,111.265,2457716
Philippines,1986,581,169.479,3637862
Philippines,1987,436,89.574,1907667
Philippines,1988,267,75.848,1524791
Philippines,1989,197,56.541,955178
Philippines,1990,183,68.412,1344590
Philippines,1991,182,55.39,1139809
Philippines,1992,136,47.797,723689
Philippines,1993,122,35.119,709584
Philippines,1994,93,48.849,567702
Philippines,1995,94,54.412,584179
Philippines,1996,89,32.322,518860
Philippines,1997,93,51.531,672730
Philippines,1998,92,34.478,556796
Philippines,1999,58,15.517,229248
Philippines,2000,60,21.442,319233
Philippines,2001,43,7.919,206493
Philippines,2002,36,18.24,358152
Philippines,2003,38,10.035,150465
Philippines,2004,25,11.197,53434
Philippines,2005,26,8.496,123329
Philippines,2006,12,1.415,43519
Philippines,2007,6,0.915,12112
Philippines,2008,5,1.115,38711
Philippines,2009,4,1.51,6560
Philippines,2010,8,3.034,34171
Philippines,2011,2,3828,3828
Philippines,2012,3,209,797
Philippines,2014,2,51,1260
Philippines,2015,5,0.73,4882
Philippines,2016,15,3.106,116637
Philippines,2017,9,1.479,24784
Philippines,2018,14,8.102,160763
Philippines,2019,18,3.545,146865
Philippines,2020,5,3.154,143474
Philippines,2022,6,0.622,15489
Philippines,2023,3,0.283,3209
Poland,1987,,,380
Poland,1988,,,291700
Poland,1989,894,353.1,695800
Poland,1990,250,115.7,159000
Poland,1991,305,221.3,517900
Poland,1992,6351,752.5,2360400
Poland,1993,7443,383.2,580400
Poland,1994,429,211.4,561800
Poland,1995,42,18.3,56300
Poland,1996,21,44.3,75000
Poland,1997,35,14.2,27800
Poland,1998,37,16.907,42741
Poland,1999,920,27.149,106893
Poland,2000,44,7.858,74266
Poland,2001,11,1.383,4201
Poland,2002,1,0.013,118
Poland,2003,24,3.034,6551
Poland,2004,2,0.217,358
Poland,2005,8,1.592,413
Poland,2006,27,24.647,31418
Poland,2007,1736,59.909,186213
Poland,2008,12765,209.03,275819
Poland,2009,49,22.354,9141
Poland,2010,79,13.91,14676
Poland,2011,53,18.68,26032
Poland,2012,17,18.733,12853
Poland,2013,93,29.263,10131
Poland,2014,1,,6
Poland,2015,14,19.056,108206
Poland,2016,5,0.709,1.03
Poland,2018,7,2.043,3665
Poland,2019,,228.189,1839859
Poland,2020,27,13.16,5261
Poland,2021,7,1.285,5767
Poland,2022,29,3.804,43390
Poland,2023,14,1.454,1564
Poland,2024,14,9.26,2599
Portugal,1977,332,307.957,309456
Portugal,1978,333,,
Portugal,1979,370,266.513,493003
Portugal,1980,269,289.6,533400
Portugal,1981,602,403.9,
Portugal,1982,528,262.5,456100
Portugal,1983,500,273.6,650700
Portugal,1984,525,230.5,269700
Portugal,1985,476,199,275400
Portugal,1986,363,231.5,381900
Portugal,1987,213,81.3,113200
Portugal,1988,181,155.5,197900
Portugal,1989,307,296.1,387400
Portugal,1990,271,128.9,146500
Portugal,1991,262,119,123800
Portugal,1992,409,131.9,189900
Portugal,1993,230,83.1,79900
Portugal,1994,300,94.4,96800
Portugal,1995,282,60.5,62900
Portugal,1996,274,50.5,52800
Portugal,1997,265,45.9,80100
Portugal,1998,227,44.246,94755
Portugal,1999,200,33.5,67500
Portugal,2000,250,38.83,40545
Portugal,2001,208,26.058,41570
Portugal,2002,250,80.168,108062
Portugal,2003,170,30.33,53370
Portugal,2004,122,31.906,46096
Portugal,2005,126,21.74,27333
Portugal,2006,155,33.493,44732
Portugal,2007,99,29.164,29851
Portugal,2012,127,92324,399.64
Portugal,2013,119,70405,266.49
Portugal,2014,90,18078,95.14
Portugal,2015,75,,
Portugal,2016,76,,
Portugal,2017,106,19505,115.74
Portugal,2018,144,36441,207.02
Portugal,2021,157,29.057,134.98
Portugal,2022,166,41.572,197.04
Portugal,2023,238,61.254,335.15
Puerto Rico,1969,73,12.27,114044
Puerto Rico,1970,93,19.454,191293
Puerto Rico,1971,77,14.296,232106
Puerto Rico,1972,107,23.779,222624
Puerto Rico,1973,76,17.757,140703
Puerto Rico,1974,95,22.109,289397
Puerto Rico,1975,65,19.961,365380
Puerto Rico,1976,37,8.58,331859
Puerto Rico,1977,35,14.788,325626
Puerto Rico,1978,33,11.401,698757
Puerto Rico,1979,27,3.611,49253
Puerto Rico,1980,27,5.838,118372
Puerto Rico,1981,31,7.399,81645
Puerto Rico,1982,13,7.87,383256
Puerto Rico,1983,9,1.364,10216
Puerto Rico,1984,12,1.948,36658
Puerto Rico,1985,11,0.653,27389
Puerto Rico,1986,14,2.831,38531
Puerto Rico,1987,7,1.167,3969
Puerto Rico,1988,6,0.499,18112
Puerto Rico,1989,6,0.718,10856
Puerto Rico,1990,3,0.366,124
Puerto Rico,1991,0,0,0
Puerto Rico,1992,5,5.003,49641
Puerto Rico,1993,8,0.358,2917
Puerto Rico,1994,8,2.975,36396
Puerto Rico,1995,5,1.089,15467
Puerto Rico,1996,5,6.092,31860
Puerto Rico,1997,3,0.125,655
Puerto Rico,1998,7,12.485,181150
Puerto Rico,1999,1,0.11,15730
Puerto Rico,2000,4,0.251,10365
Puerto Rico,2001,4,0.246,73120
Puerto Rico,2002,2,0.066,67768
Puerto Rico,2003,0,0,0
Puerto Rico,2004,1,4.5,290250
Puerto Rico,2005,0,0,0
Puerto Rico,2006,0,0,0
Puerto Rico,2007,1,0.044,88
Puerto Rico,2008,2,0.126,504
Republic of Korea,1969,7,30.499,163353
Republic of Korea,1970,4,0.541,9013
Republic of Korea,1971,10,0.832,11323
Republic of Korea,1974,58,22.609,16831
Republic of Korea,1975,52,10.256,13557
Republic of Korea,1976,49,6.57,17046
Republic of Korea,1977,58,7.975,8294
Republic of Korea,1978,102,10.598,13230
Republic of Korea,1979,105,14.258,16366
Republic of Korea,1980,206,48.97,61269
Republic of Korea,1981,186,34.586,30948
Republic of Korea,1982,88,8.967,11504
Republic of Korea,1983,98,11.1,8671
Republic of Korea,1984,114,16.4,19900
Republic of Korea,1985,265,28.7,64300
Republic of Korea,1986,276,46.9,72000
Republic of Korea,1987,3749,934.9,6946935
Republic of Korea,1988,1873,293.6,5400836
Republic of Korea,1989,1616,409.134,6351400
Republic of Korea,1990,322,133.9,4487200
Republic of Korea,1991,234,175.1,3257600
Republic of Korea,1992,235,105.034,1527612
Republic of Korea,1993,144,108.577,1308326
Republic of Korea,1994,121,104.339,1484368
Republic of Korea,1995,88,49.717,392581
Republic of Korea,1996,85,79,893000
Republic of Korea,1997,78,43.9,444700
Republic of Korea,1998,129,146.065,1452096
Republic of Korea,1999,198,92.026,1366281
Republic of Korea,2000,250,177.969,1893563
Republic of Korea,2001,235,88.548,1083079
Republic of Korea,2002,322,93.859,1580424
Republic of Korea,2003,320,137.241,1298663
Republic of Korea,2004,462,184.969,1198779
Republic of Korea,2005,287,117.912,847697
Republic of Korea,2006,138,131.359,1200567
Republic of Korea,2007,115,93.385,536285
Republic of Korea,2008,108,114.29,809402
Republic of Korea,2009,121,80.964,626921
Republic of Korea,2010,86,39.736,511307
Republic of Korea,2011,65,32.524,429335
Republic of Korea,2012,105,134.246,933267
Republic of Korea,2013,72,112.77,637736
Republic of Korea,2014,111,133.324,650924
Republic of Korea,2015,105,76.749,446852
Republic of Korea,2016,120,225.511,2034751
Republic of Korea,2017,101,129.996,861783
Republic of Korea,2018,134,81.013,551773
Republic of Korea,2019,141,34.622,401845
Republic of Korea,2020,105,67.798,554009
Republic of Korea,2021,141,51.388,471754
Republic of Korea,2022,132,67.126,343800
Republic of Korea,2023,223,78.946,355222
Republic of Korea,2024,12,106.098,456863
Republic of Moldova,2023,0,0,0
Republic of Moldova,2024,0,0,0
Romania,1990,,,579600
Romania,1991,,,987900
Romania,1992,9,4.057,17000
Romania,1993,30,22.517,89504
Romania,1994,33,69.157,361075
Romania,1995,27,38.259,212085
Romania,1996,15,59.848,142435
Romania,1997,15,52.007,167348
Romania,1998,54,119.659,360967
Romania,1999,85,232.217,1402998
Romania,2000,10,24.964,565422
Romania,2001,5,1.848,1114
Romania,2002,13,35.195,34223
Romania,2003,9,27.045,11786
Romania,2004,11,13.72,21403
Romania,2005,8,2.892,12505.5
Romania,2006,2,1.254,24389.75
Romania,2007,12,8.081,494034
Romania,2008,8,16.73,138453
Russian Federation,1990,260,99.5,207700
Russian Federation,1991,1755,237.7,2314200
Russian Federation,1992,6273,357.6,1893300
Russian Federation,1993,264,120.2,236800
Russian Federation,1994,514,155.3,755100
Russian Federation,1995,8856,489.4,1367000
Russian Federation,1996,8278,663.9,4009400
Russian Federation,1997,17007,887.3,6000500
Russian Federation,1998,11162,530.8,2881500
Russian Federation,1999,7285,238.4,1827200
Russian Federation,2000,817,31,236400
Russian Federation,2001,291,13,47100
Russian Federation,2002,80,3.9,29100
Russian Federation,2003,67,5.736,29453
Russian Federation,2004,5933,195.533,210852
Russian Federation,2005,2575,84.574,85929
Russian Federation,2006,6,0.522,1416
Russian Federation,2007,7,2.894,20457
Russian Federation,2008,4,1.92,29081
Russian Federation,2014,2,0.461,5011
Russian Federation,2015,5,0.833,10171
Russian Federation,2016,3,0.058,98
Russian Federation,2017,1,0.089,89
Russian Federation,2018,2,0.149,540
Russian Federation,2019,0,0,0
Russian Federation,2020,2,0.141,1360
Russian Federation,2021,2,0.038,20
Russian Federation,2022,1,0.197,123
Russian Federation,2023,1,0.033,33
Russian Federation,2024,0,0,0
Rwanda,1998,41,1.644,
Rwanda,1999,49,2.545,
Saint Helena,1996,0,0,0
Saint Helena,1997,0,0,0
Saint Helena,1998,0,0,0
Saint Helena,1999,0,0,0
Saint Helena,2000,0,0,0
Saint Helena,2001,0,0,0
Saint Helena,2002,0,0,0
Saint Helena,2003,0,0,0
Saint Helena,2004,0,0,0
Saint Helena,2005,0,0,0
Saint Vincent and the Grenadines,1988,4,0.048,468
Saint Vincent and the Grenadines,1989,1,0.013,39
Saint Vincent and the Grenadines,1990,1,0.012,119
Saint Vincent and the Grenadines,1991,1,0.055,204
Saint Vincent and the Grenadines,1996,2,1.166,
Saint Vincent and the Grenadines,1997,2,0.925,
Saint Vincent and the Grenadines,1999,4,0.89,7
Saint Vincent and the Grenadines,2000,3,1.634,11
San Marino,1971,21,7.793,10303
San Marino,1972,30,5.904,8365
San Marino,1973,18,6.757,4733
San Marino,1974,15,12.268,6578
San Marino,1975,23,18.164,13134
San Marino,1976,4,6.214,2463
San Marino,1977,15,31.608,4071
San Marino,1978,7,12.664,3451
San Marino,1979,3,0.979,291
San Marino,1980,4,11.65,11110
San Marino,1981,5,11.019,3224
San Marino,1982,15,16.981,6247
San Marino,1983,29,12.85,23303
San Marino,1984,11,5.303,1785
San Marino,1985,20,9.799,2620
San Marino,1986,4,6.6,6706
San Marino,1987,17,4.683,581
San Marino,1988,26,1.139,713
San Marino,1989,19,25.4,44317
San Marino,1990,11,6.923,3591
San Marino,1991,6,0.119,66
San Marino,1992,1,0.015,15
San Marino,1993,8,0.183,142
San Marino,1994,2,0.031,19
San Marino,1995,4,5.47,1903
San Marino,1996,2,0.52,1040
San Marino,1997,5,0.446,198
San Marino,1998,10,6.088,20704
San Marino,1999,3,3.5,1250
San Marino,2000,3,3.5,1250
San Marino,2001,2,5.015,20045
San Marino,2002,13,71.3,454520
San Marino,2003,7,2.148,7343
San Marino,2004,1,0.07,3500
San Marino,2005,2,4,24000
San Marino,2006,0,0,0
San Marino,2007,0,0,0
San Marino,2009,1,2.2,8250
San Marino,2010,1,3,15000
Senegal,1989,39,4.181,
Senegal,1990,26,4.173,
Senegal,1991,55,3.553,
Senegal,1992,19,3.954,
Seychelles,2012,3,,
Seychelles,2022,,,0
Seychelles,2023,1,0.18,6
Singapore,1971,2,1.38,5449
Singapore,1978,0,0,0
Singapore,1979,0,0,0
Singapore,1980,0,0,0
Singapore,1981,0,0,0
Singapore,1982,0,0,0
Singapore,1983,0,0,0
Singapore,1984,0,0,0
Singapore,1985,0,0,0
Singapore,1986,1,0.061,122
Singapore,1987,0,0,0
Singapore,1988,0,0,0
Singapore,1989,0,0,0
Singapore,1990,0,0,0
Singapore,1991,0,0,0
Singapore,1992,0,0,0
Singapore,1993,0,0,0
Singapore,1994,0,0,0
Singapore,1995,0,0,0
Singapore,1996,0,0,0
Singapore,1997,0,0,0
Singapore,1998,0,0,0
Singapore,1999,0,0,0
Singapore,2000,0,0,0
Singapore,2001,0,0,0
Singapore,2002,0,0,0
Singapore,2003,0,0,0
Singapore,2004,0,0,0
Singapore,2005,0,0,0
Singapore,2006,0,0,0
Singapore,2007,0,0,0
Singapore,2008,0,0,0
Singapore,2009,0,0,0
Singapore,2010,0,0,0
Singapore,2011,0,,
Singapore,2012,1,,
Singapore,2013,0,,
Singapore,2014,0,,
Singapore,2015,0,0,0
Singapore,2022,0,0,0
Singapore,2023,,0,0
Slovakia,1991,21,20.736,2.5
Slovakia,1992,5,0.692,9
Slovakia,1993,1,0.037,1
Slovakia,1994,1,0.413,5
Slovakia,1997,6,1.067,93
Slovakia,2003,2,18.326,4
Slovakia,2006,4,1.333,14
Slovakia,2007,1,0.072,6
Slovakia,2008,1,0.445,2
Slovakia,2009,,,0
Slovakia,2010,2,0.264,5
Slovakia,2011,4,0.398,0
Slovakia,2012,,,4
Slovakia,2013,,,0
Slovakia,2014,1,0.095,1
Slovakia,2015,1,3.739,1
Slovakia,2016,2,,15
Slovakia,2017,2,4.707,9
Slovakia,2018,,,0
Slovakia,2019,4,0.603,2
Slovakia,2020,3,0.33,19
Slovakia,2021,4,0.742,6
Slovakia,2022,,,0
Slovakia,2023,2,0.53,5
Slovakia,2024,1,0.196,0
South Africa,1969,78,4.434,4596
South Africa,1970,76,4.168,5158
South Africa,1971,69,4.451,3485
South Africa,1972,71,9.224,14959
South Africa,1973,370,98.378,246071
South Africa,1974,384,59.114,102119
South Africa,1975,276,23.488,19209
South Africa,1976,248,28.098,73585
South Africa,1977,90,15.335,16153
South Africa,1978,106,14.153,10700
South Africa,1979,101,23.064,70542
South Africa,1980,192,58.213,168996
South Africa,1981,292,83.887,232912
South Africa,1982,394,140.937,419768
South Africa,1983,354,64.469,139041
South Africa,1984,469,181.942,431305
South Africa,1985,389,239.816,678273
South Africa,1986,793,424.39,1308957
South Africa,1987,1148,591.421,5825232
South Africa,1988,1025,161.679,914388
South Africa,1989,855,177.712,12338686
South Africa,1990,885,341.097,2973921
South Africa,1991,600,172.096,1236381
South Africa,1992,789,137.946,1887028
South Africa,1993,781,161.504,1110517
South Africa,1994,804,326.549,2232073
South Africa,1995,315,152.956,1600000
South Africa,1996,901,247.202,1700000
South Africa,1997,1324,212.094,656556
South Africa,1998,527,323.093,3833095
South Africa,1999,107,555.435,2625535
South Africa,2000,80,1142.428,1669966
South Africa,2001,83,90.392,953610
South Africa,2002,47,66.25,615723
South Africa,2003,62,83.533,919780
South Africa,2004,49,395.301,1286003
South Africa,2005,102,399.291,2627953
South Africa,2006,99,250.787,4152563
South Africa,2007,75,608.919,9528945
South Africa,2008,57,118.979,497436
South Africa,2009,51,172.727,1526796
South Africa,2010,74,1191.813,20674737
South Africa,2011,67,203.138,2806656
South Africa,2012,99,241.391,3309884
South Africa,2013,114,297.193,1847006
South Africa,2014,88,205.6,10264775
South Africa,2015,110,91.072,903921
South Africa,2016,122,,946323
South Africa,2017,132,125.125,960489
South Africa,2018,165,137.712,1158945
South Africa,2019,,,3676.8
South Africa,2020,117,101.712,783945
South Africa,2022,87,153.527,3343637
South Africa,2023,97,,
South Africa,2024,114,65.501,832490
Spain,1971,549,196.665,859693
Spain,1972,710,236.421,586616
Spain,1973,731,303.132,1081158
Spain,1974,2009,557.3,1748700
Spain,1975,2807,504.2,1815200
Spain,1976,3662,2556.8,12593100
Spain,1977,1194,2955,16641700
Spain,1978,1128,3863.9,11550900
Spain,1979,2680,5713.2,18917000
Spain,1980,2103,2287,6177500
Spain,1981,1993,1944.9,5153500
Spain,1982,1810,1058.9,2787600
Spain,1983,1451,1483.6,4416700
Spain,1984,1498,2242.2,6357800
Spain,1985,1092,1511.2,3223500
Spain,1986,914,857.9,2279400
Spain,1987,1497,1881.2,5025000
Spain,1988,1193,6692.2,11641100
Spain,1989,1047,1382.1,3685400
Spain,1990,1312,977,2612900
Spain,1991,1645,1983.8,4536600
Spain,1992,1360,5192.1,6332600
Spain,1993,1209,1076.8,2141300
Spain,1994,908,5437.4,6276700
Spain,1995,883,573.5,1457100
Spain,1996,830,1087.8,1579700
Spain,1997,744,650.6,1836800
Spain,1998,632,680.6,1280900
Spain,1999,749,1132.655,1504589
Spain,2000,750,2067.287,3616907
Spain,2001,737,1244.634,1923758
Spain,2002,688,4534.274,4945091
Spain,2003,678,728.975,792101
Spain,2004,708,555.909,4472576
Spain,2005,685,404.759,951495
Spain,2006,783,499.551,927712
Spain,2007,752,497.022,1187654
Spain,2008,811,543.008,1510219
Spain,2009,1001,653.483,1290852
Spain,2010,986,340.801,671523
Spain,2011,777,221.974,485054
Spain,2012,878,323.871,1290114
Spain,2013,994,448.024,1098480
Spain,2014,777,217.047,620878
Spain,2015,615,170.528,497483
Spain,2016,641,183.12,388912
Spain,2017,730,225.723,594253
Spain,2018,726,338.671,907631
Spain,2019,898,264.454,858401
Spain,2020,487,151.496,540579
Spain,2021,606,199.026,422815
Spain,2022,679,192.751,709099
Spain,2023,778,294.76,988129
Spain,2024,707,231.739,703178
Sri Lanka,1971,165,91.619,568161
Sri Lanka,1972,187,55.037,298898
Sri Lanka,1973,448,260.602,1179042
Sri Lanka,1974,91,27.073,105744
Sri Lanka,1975,70,19.081,66476
Sri Lanka,1976,157,55.995,161092
Sri Lanka,1977,124,44.874,222047
Sri Lanka,1978,134,62.657,265069
Sri Lanka,1979,181,56.044,293752
Sri Lanka,1980,227,78.555,335215
Sri Lanka,1981,301,124.16,440841
Sri Lanka,1982,217,82.963,388672
Sri Lanka,1983,147,53.14,218742
Sri Lanka,1984,230,87.322,507282
Sri Lanka,1985,145,54.781,169639
Sri Lanka,1986,84,36.683,64630
Sri Lanka,1987,68,22.648,44826
Sri Lanka,1988,64,20.206,36501
Sri Lanka,1989,52,42.843,838888
Sri Lanka,1990,116,65.937,193666
Sri Lanka,1991,130,63.762,109078
Sri Lanka,1992,103,50.013,271311
Sri Lanka,1993,49,7.88,21396
Sri Lanka,1994,233,71.887,179475
Sri Lanka,1995,183,63.373,293519
Sri Lanka,1996,224,75.197,388917
Sri Lanka,1997,156,57.632,325477
Sri Lanka,1998,122,43.343,265145
Sri Lanka,1999,125,42.346,304246
Sri Lanka,2000,87,25.858,64481
Sri Lanka,2001,92,42.344,69997
Sri Lanka,2002,104,27.717,70350
Sri Lanka,2003,98,42.561,87172
Sri Lanka,2004,90,33.346,81100
Sri Lanka,2005,57,53.565,158352
Sri Lanka,2006,52,209.804,4895148
Sri Lanka,2007,25,7.547,39237
Sri Lanka,2008,51,37.931,65665
Sri Lanka,2009,8,5.32,7665
Sri Lanka,2010,15,5.108,25071
Sri Lanka,2011,21,6.455,25420
Sri Lanka,2012,34,9.964,36817
Sri Lanka,2013,40,11.119,80417
Sri Lanka,2014,38,6.451,37323
Sri Lanka,2016,52,28.672,17.08
Sri Lanka,2017,35,10.912,60079
Sri Lanka,2018,50,12.155,49618
Sri Lanka,2019,22,7.069,55137
Sri Lanka,2020,30,6.648,25449
Sri Lanka,2021,21,8.485,116770
Sri Lanka,2022,22,5.558,17095
Sri Lanka,2023,7,1.013,2329
Sri Lanka,2024,13,8.134,46769
Suriname,1969,26,5.063,62428
Suriname,1970,7,0.42,1469
Suriname,1971,49,6.641,21774
Suriname,1972,15,2.826,43701
Suriname,1973,30,5.073,31840
Suriname,1974,12,3.438,27383
Suriname,1975,8,1.999,16728
Suriname,1976,24,2.044,9092
Suriname,1977,12,2.845,6517
Suriname,1978,11,0.772,3197
Suriname,1979,8,2.186,10583
Suriname,1980,17,3.439,15142
Suriname,1981,13,6.25,7247
Suriname,1982,53,8.421,27006
Suriname,1983,6,2.613,6467
Suriname,1984,51,11.847,120040
Suriname,1985,9,3.772,18711
Suriname,1986,10,2.538,16875
Suriname,1987,3,0.46,9754
Suriname,1988,8,0.663,5592
Suriname,1989,8,2.005,7456
Suriname,1990,6,1.023,6247
Suriname,1991,2,0.534,2210
Suriname,1992,7,1.558,4336
Suriname,1993,27,3.301,22629
Suriname,1994,7,1.792,23927
Suriname,1995,6,,100644
Suriname,1996,4,,74978
Suriname,1998,17,2.6,44829
Sweden,1971,60,62.919,839000
Sweden,1972,44,7.145,10507
Sweden,1973,48,4.252,11802
Sweden,1974,85,17.47,57604
Sweden,1975,86,23.631,365507
Sweden,1976,73,8.715,24744
Sweden,1977,35,13.101,87151
Sweden,1978,99,8.319,37135
Sweden,1979,207,32.315,28664
Sweden,1980,212,746.677,4478511
Sweden,1981,68,99.211,209137
Sweden,1982,46,5.136,1761
Sweden,1983,92,14.372,36923
Sweden,1984,206,23.676,31293
Sweden,1985,160,124.512,504214
Sweden,1986,75,66.304,682652
Sweden,1987,72,10.517,14726
Sweden,1988,144,95.15,797416
Sweden,1989,139,34.102,409713
Sweden,1990,126,73.159,770356
Sweden,1991,23,2.508,21724
Sweden,1992,20,17.987,28141
Sweden,1993,33,29.318,189828
Sweden,1994,13,21.996,52398
Sweden,1995,36,125.489,627291
Sweden,1996,9,9.137,61348
Sweden,1997,14,11.856,23579
Sweden,1998,13,0.57,1677
Sweden,1999,10,9.481,78735
Sweden,2000,2,0.163,272
Sweden,2001,20,9.831,11098
Sweden,2002,10,0.711,838
Sweden,2003,11,80.538,627541
Sweden,2004,9,2.449,15282
Sweden,2005,14,0.604,568
Sweden,2006,9,1.74,1971
Sweden,2007,14,3.635,13666
Sweden,2008,5,12.766,106801
Sweden,2009,3,0.876,1560
Sweden,2010,5,2.978,28892
Sweden,2011,2,7,254
Sweden,2012,8,5.61,37072
Sweden,2013,11,2.85,7084
Sweden,2014,6,2.19,0.81
Sweden,2015,5,0.126,0.054
Sweden,2016,10,4.554,2.12
Sweden,2017,6,0.317,2570
Sweden,2018,1,0.05,50
Sweden,2019,6,1.396,7577
Sweden,2020,0,0,0
Sweden,2021,2,7,11
Sweden,2022,4,0.744,5240
Sweden,2023,6,0.544,3909
Switzerland,1971,11,2.267,7491
Switzerland,1972,5,0.526,2002
Switzerland,1973,0,0,0
Switzerland,1974,3,0.299,2777
Switzerland,1975,6,0.323,1733
Switzerland,1976,19,2.395,19586
Switzerland,1977,9,1.38,4649
Switzerland,1978,10,1.24,5317
Switzerland,1979,8,0.463,2331
Switzerland,1980,5,3.582,5718
Switzerland,1981,1,0.015,15
Switzerland,1982,1,0.055,550
Switzerland,1983,5,0.985,4438
Switzerland,1984,2,0.05,662
Switzerland,1985,3,0.366,662
Switzerland,1986,1,0.036,72
Switzerland,1987,0,0,0
Switzerland,1988,4,0.131,870
Switzerland,1989,2,0.022,265
Switzerland,1990,2,0.578,4090
Switzerland,1991,1,0.051,51
Switzerland,1992,3,0.22,673
Switzerland,1993,0,0,0
Switzerland,1994,8,6.901,14380
Switzerland,1995,2,0.083,351
Switzerland,1996,3,5.888,7266
Switzerland,1997,2,0.327,435
Switzerland,1998,7,16.125,24719
Switzerland,1999,5,2.255,2675
Switzerland,2000,8,3.894,4757
Switzerland,2001,3,20.098,20098
Switzerland,2002,4,21.947,21447
Switzerland,2003,9,8.111,6141
Switzerland,2004,8,24.399,38915
Switzerland,2005,5,0.338,1392
Switzerland,2006,3,0.635,7870
Switzerland,2007,2,5.083,7083
Switzerland,2008,8,10.16,13844
Switzerland,2009,3,0.159,395
Switzerland,2010,3,0.172,2455
Switzerland,2011,7,1.007,2837
Switzerland,2012,7,2.869,2554
Switzerland,2013,11,1.688,5764
Switzerland,2014,8,1.915,4185
Switzerland,2015,13,13.437,13274
Switzerland,2016,8,2.181,1004
Switzerland,2017,11,0.455,3578
Switzerland,2018,8,16.647,2031.8
Switzerland,2019,4,0.111,1372
Switzerland,2020,,0.737,1892
Switzerland,2021,3,0.79,3190
Switzerland,2022,9,16.709,25200
Switzerland,2023,5,4.827,3487
Switzerland,2024,5,2.694,3712
Thailand,1971,27,5.153,12646
Thailand,1972,34,7.803,19903
Thailand,1973,501,177.896,296887
Thailand,1974,357,105.883,507607
Thailand,1975,241,94.747,722946
Thailand,1976,133,65.342,495619
Thailand,1977,7,4.868,12331
Thailand,1978,21,6.842,8600
Thailand,1979,64,16.203,33838
Thailand,1980,18,3.23,5357
Thailand,1981,54,22.008,173398
Thailand,1982,22,7.061,116795
Thailand,1983,28,10.532,54537
Thailand,1984,17,6.742,183698
Thailand,1985,4,0.648,13078
Thailand,1986,9,5.241,157908
Thailand,1987,10,2.927,89305
Thailand,1988,7,2.084,39850
Thailand,1989,11,5.528,99858
Thailand,1990,9,4.298,71567
Thailand,1991,14,10.045,236020
Thailand,1992,33,8.339,235182
Thailand,1993,23,6.204,242803
Thailand,1994,15,8.13,81203
Thailand,1995,39,16.782,219934
Thailand,1996,18,8.682,92080.5
Thailand,1997,23,11.909,150610
Thailand,1998,8,2.144,213560
Thailand,1999,16,7.867,142913
Thailand,2000,13,5.969,225788
Thailand,2001,5,0.526,6067
Thailand,2002,6,1.907,23902
Thailand,2003,5,3.576,24051
Thailand,2004,2,0.193,472
Thailand,2005,9,2.578,45857
Thailand,2006,2,0.9,24000
Thailand,2007,5,0.62,11601
Thailand,2012,,2.304,30896
Thailand,2013,,6.617,87903
Thailand,2015,6,2.058,335
Thailand,2016,6,3.379,275
Thailand,2017,4,3527,80
Thailand,2018,2,0.058,46
Thailand,2019,7,1527,230
Thailand,2020,2,400,200
Togo,2023,4,,
Trinidad and Tobago,1969,9,2.767,19972
Trinidad and Tobago,1970,64,11.28,99600
Trinidad and Tobago,1971,71,18.022,139794
Trinidad and Tobago,1972,32,8.486,24139
Trinidad and Tobago,1973,84,18.741,113305
Trinidad and Tobago,1974,78,55.555,253220
Trinidad and Tobago,1975,88,35.679,777389
Trinidad and Tobago,1976,44,26.729,140711
Trinidad and Tobago,1977,16,5.413,104149
Trinidad and Tobago,1978,38,10.921,112748
Trinidad and Tobago,1979,42,10.239,215931
Trinidad and Tobago,1980,27,7.541,118414
Trinidad and Tobago,1981,14,2.588,51123
Trinidad and Tobago,1982,11,2.546,20521
Trinidad and Tobago,1983,38,4.702,54681
Trinidad and Tobago,1984,38,12.38,259654
Trinidad and Tobago,1985,45,6.932,76554
Trinidad and Tobago,1986,16,1.23,80707
Trinidad and Tobago,1987,11,2.695,30824
Trinidad and Tobago,1988,12,1.005,7102
Trinidad and Tobago,1989,25,6.735,91070
Trinidad and Tobago,1990,15,3.85,10439
Trinidad and Tobago,1991,17,2.843,15673
Trinidad and Tobago,1992,17,5.901,69258
Trinidad and Tobago,1993,24,11.735,29099
Trinidad and Tobago,1994,13,2.077,11286
Trinidad and Tobago,1995,15,6.215,209742
Trinidad and Tobago,1996,27,2.941,694
Trinidad and Tobago,1997,37,7.026,31535
Trinidad and Tobago,1998,8,1.898,8854
Trinidad and Tobago,1999,8,9.185,23332
Trinidad and Tobago,2000,38,3.126,880
Trinidad and Tobago,2001,76,6.941,13544
Trinidad and Tobago,2002,22,6.858,11873
Trinidad and Tobago,2003,31,10.134,52568
Trinidad and Tobago,2004,22,7.469,1583373
Trinidad and Tobago,2009,11,2.514,36252
Trinidad and Tobago,2010,4,0.428,3499
Tunisia,1969,1,0.4,1200
Tunisia,1970,25,5.887,6104
Tunisia,1971,32,2.623,3587
Tunisia,1972,150,18.458,31589
Tunisia,1973,49,18.473,49653
Tunisia,1974,131,21,8197
Tunisia,1975,363,40.671,11750
Tunisia,1976,372,67.386,27500
Tunisia,1977,452,88.335,140201
Tunisia,1978,178,21.433,36938
Tunisia,1979,240,22.43,35287
Tunisia,1985,391,95.612,124584
Tunisia,1986,170,19.555,15313
Tunisia,1987,241,21.075,20893
Tunisia,1988,385,52.017,59457
Tunisia,1989,430,48.485,46652
Tunisia,1990,564,133.392,87847
Tunisia,1991,464,48.761,50349
Tunisia,1992,496,48.463,65662
Tunisia,1993,513,44.084,59633
Tunisia,1994,425,39.495,93804
Tunisia,1995,346,57.883,61976
Tunisia,1996,300,25.751,33353
Tunisia,1997,305,35.683,40486
Tunisia,1998,277,28.16,42886
Tunisia,1999,308,31.989,36790
Tunisia,2000,411,35.886,47549
Tunisia,2001,380,38.242,50590
Tunisia,2002,345,33.386,47282
Tunisia,2003,395,46.893,53338
Tunisia,2004,391,44.637,66816
Tunisia,2005,466,78.953,84496
Tunisia,2006,392,115.443,89644
Tunisia,2007,382,98.21,107515
Türkiye,1969,77,12.601,235134
Türkiye,1970,72,21.156,220189
Türkiye,1971,78,10.916,476116
Türkiye,1972,48,14.879,659362
Türkiye,1973,55,12.286,671135
Türkiye,1974,110,25.546,1109401
Türkiye,1975,116,13.708,668797
Türkiye,1976,58,7.24,325830
Türkiye,1977,59,15.682,1397124
Türkiye,1978,87,9.748,426127
Türkiye,1979,126,21.011,1147721
Türkiye,1980,220,84.832,1303253
Türkiye,1984,4,0.543,3114
Türkiye,1985,21,2.41,194296
Türkiye,1986,28,7.926,234940
Türkiye,1987,307,29.734,1961940
Türkiye,1988,156,30.057,1892655
Türkiye,1989,171,39.435,2911407
Türkiye,1990,458,166.306,3466550
Türkiye,1991,398,164.968,3809354
Türkiye,1992,98,62.189,1153578
Türkiye,1993,49,6.908,574741
Türkiye,1994,36,4.782,242589
Türkiye,1995,120,199.867,4838241
Türkiye,1996,38,5.461,274322
Türkiye,1997,37,7.045,181913
Türkiye,1998,44,11.482,282638
Türkiye,1999,34,3.263,229825
Türkiye,2000,52,18.705,368475
Türkiye,2001,35,9.911,286015
Türkiye,2002,27,4.618,43885
Türkiye,2003,23,1.535,144772
Türkiye,2004,30,3.557,93161
Türkiye,2005,34,3.529,176824
Türkiye,2006,26,2.061,165666
Türkiye,2007,15,25.92,1353558
Türkiye,2008,15,5.04,145725
Türkiye,2009,,3.101,
Türkiye,2010,,0.808,
Türkiye,2011,,0.557,
Türkiye,2012,,0.768,
Türkiye,2013,21,16.632,307894
Türkiye,2015,,7.982,128969
Türkiye,2016,21,,
Türkiye,2017,25,,
Türkiye,2018,12,,
Türkiye,2023,17,,
Türkiye,2024,29,1.859,140530
Uganda,1992,3,0.261,174
Uganda,1993,3,0.075,630
Uganda,1994,5,5.126,41739
Uganda,1995,9,3.959,9537
Uganda,1996,4,4.2,43736
Uganda,1997,4,0.22,1980
Uganda,1998,4,1.58,8780
Uganda,1999,6,1.184,10481
Uganda,2000,5,0.872,2376
Uganda,2001,3,0.554,1084
Uganda,2002,5,1.816,4086
Uganda,2003,1,1.2,3600
Uganda,2004,3,1.412,3936
Ukraine,1989,222,293.1,971900
Ukraine,1990,260,130.9,126100
Ukraine,1991,239,175.9,1873100
Ukraine,1992,2239,181.6,865700
Ukraine,1993,462,260.4,2676400
Ukraine,1994,1638,126.3,352500
Ukraine,1995,247,57.6,202400
Ukraine,1996,1269,171.4,2134200
Ukraine,1997,1162,116.413,1228800
Ukraine,1998,687,98.71,1311225
Ukraine,1999,290,42.029,443125
Ukraine,2000,73,20.649,280500
Ukraine,2001,31,6.776,36875
Ukraine,2002,97,9.344,128300
Ukraine,2003,15,5.448,420500
Ukraine,2004,4,0.997,66400
Ukraine,2005,4,0.63,25940
Ukraine,2006,13,2.266,39800
Ukraine,2007,5,0.849,31953
Ukraine,2008,1,0.354,164456
Ukraine,2009,,0.304,31481
Ukraine,2010,,0.822,26175
Ukraine,2011,,0.075,141
Ukraine,2013,,0.091,128
Ukraine,2015,5,0.895,14841
Ukraine,2017,23,2.053,16758
Ukraine,2021,11,0.687,
United Kingdom of Great Britain and Northern Ireland,1971,2228,1178.2,13551000
United Kingdom of Great Britain and Northern Ireland,1972,2497,1734.4,23909000
United Kingdom of Great Britain and Northern Ireland,1973,2873,1527.6,7197000
United Kingdom of Great Britain and Northern Ireland,1974,2922,1626.4,14750000
United Kingdom of Great Britain and Northern Ireland,1975,2282,808.9,6012000
United Kingdom of Great Britain and Northern Ireland,1976,2016,668,3284000
United Kingdom of Great Britain and Northern Ireland,1977,2703,1165.8,10142000
United Kingdom of Great Britain and Northern Ireland,1978,2471,1041.5,9405000
United Kingdom of Great Britain and Northern Ireland,1979,2080,4607.8,29474000
United Kingdom of Great Britain and Northern Ireland,1980,1330,833.7,11964000
United Kingdom of Great Britain and Northern Ireland,1981,1338,1512.5,4266000
United Kingdom of Great Britain and Northern Ireland,1982,1528,2102.9,5313000
United Kingdom of Great Britain and Northern Ireland,1983,1352,573.8,3754000
United Kingdom of Great Britain and Northern Ireland,1984,1206,1464.3,27135000
United Kingdom of Great Britain and Northern Ireland,1985,903,791.3,6402000
United Kingdom of Great Britain and Northern Ireland,1986,1074,720.2,1920000
United Kingdom of Great Britain and Northern Ireland,1987,1016,887.4,3546000
United Kingdom of Great Britain and Northern Ireland,1988,781,790.3,3702000
United Kingdom of Great Britain and Northern Ireland,1989,701,727,4128000
United Kingdom of Great Britain and Northern Ireland,1990,630,298.2,1903000
United Kingdom of Great Britain and Northern Ireland,1991,369,176,761000
United Kingdom of Great Britain and Northern Ireland,1992,253,148,528000
United Kingdom of Great Britain and Northern Ireland,1993,211,385,649000
United Kingdom of Great Britain and Northern Ireland,1994,205,107,278000
United Kingdom of Great Britain and Northern Ireland,1995,235,174,415000
United Kingdom of Great Britain and Northern Ireland,1996,244,364.3,1303300
United Kingdom of Great Britain and Northern Ireland,1997,216,130,234700
United Kingdom of Great Britain and Northern Ireland,1998,166,92.7,282400
United Kingdom of Great Britain and Northern Ireland,1999,205,140.9,241800
United Kingdom of Great Britain and Northern Ireland,2000,226,183.2,498800
United Kingdom of Great Britain and Northern Ireland,2001,207,179.9,525100
United Kingdom of Great Britain and Northern Ireland,2002,162,942.9,1323300
United Kingdom of Great Britain and Northern Ireland,2003,138,150.6,499100
United Kingdom of Great Britain and Northern Ireland,2004,135,292.7,904900
United Kingdom of Great Britain and Northern Ireland,2005,116,92.6,223801
United Kingdom of Great Britain and Northern Ireland,2006,158,713.3,754500
United Kingdom of Great Britain and Northern Ireland,2007,152,744.8,1041100
United Kingdom of Great Britain and Northern Ireland,2008,144,511.2,758861
United Kingdom of Great Britain and Northern Ireland,2009,98,208.5,455200
United Kingdom of Great Britain and Northern Ireland,2010,92,132.5,365300
United Kingdom of Great Britain and Northern Ireland,2011,149,1530,1390000
United Kingdom of Great Britain and Northern Ireland,2012,131,237,249000
United Kingdom of Great Britain and Northern Ireland,2013,114,395.4,443600
United Kingdom of Great Britain and Northern Ireland,2014,155,733.3,788300
United Kingdom of Great Britain and Northern Ireland,2015,106,81,169600
United Kingdom of Great Britain and Northern Ireland,2016,101,154,322300
United Kingdom of Great Britain and Northern Ireland,2017,79,32.576,276408
United Kingdom of Great Britain and Northern Ireland,2018,81,39.158,272695
United Kingdom of Great Britain and Northern Ireland,2019,96,40.289,205600
United Kingdom of Great Britain and Northern Ireland,2022,750,327.7,2514000
United Kingdom of Great Britain and Northern Ireland,2023,1505,,2660000
United Kingdom of Great Britain and Northern Ireland,2024,257,46,733000
United States of America,1974,425,1795.6,31809100
United States of America,1975,235,964.6,17563200
United States of America,1976,231,1518.5,23961900
United States of America,1977,298,1211.9,21258000
United States of America,1978,219,1006.3,23774200
United States of America,1979,235,1020.9,20409200
United States of America,1980,187,795.3,20843900
United States of America,1981,145,728.9,16908400
United States of America,1982,96,655.8,9061200
United States of America,1983,81,909.4,17460700
United States of America,1984,62,376,8498800
United States of America,1985,54,323.9,7079100
United States of America,1986,69,533.2,11861000
United States of America,1987,46,174.3,4468800
United States of America,1988,40,118.3,4381400
United States of America,1989,51,452.1,16529900
United States of America,1990,44,184.9,5925500
United States of America,1991,40,392,4583600
United States of America,1992,35,363.8,3988600
United States of America,1993,35,181.9,3981200
United States of America,1994,45,322,5021500
United States of America,1995,31,191.5,5771200
United States of America,1996,37,272.7,4888600
United States of America,1997,29,338.6,4497100
United States of America,1998,34,386.8,5115700
United States of America,1999,17,72.6,1995800
United States of America,2000,39,393.7,20419400
United States of America,2001,29,99.1,1151300
United States of America,2002,19,45.9,659600
United States of America,2003,14,129.2,4077400
United States of America,2004,17,173.3,1017200
United States of America,2005,22,99.7,1348000
United States of America,2006,23,76.6,2687500
United States of America,2007,23,192.9,1264800
United States of America,2008,16,82.7,1954100
United States of America,2009,5,12.5,124100
United States of America,2010,11,44.5,302300
United States of America,2011,19,112.5,1020200
United States of America,2012,19,148.1,1130800
United States of America,2013,15,54.5,289900
United States of America,2014,11,34.3,200200
United States of America,2015,12,47.3,740000
United States of America,2016,15,101.6,1543400
United States of America,2017,7,25.3,96000
United States of America,2018,20,487,2815400
United States of America,2019,25,428.5,3237300
United States of America,2021,16,80.7,1103700
United States of America,2022,24,123.2,2423100
United States of America,2023,35,461.7,16847200
United States of America,2024,31,271.5,3364100
Uruguay,2008,150,763.983,876599.5
Uruguay,2009,104,736.817,551028
Uruguay,2010,149,1140.486,1303142
Uruguay,2011,139,918.365,992198
Uruguay,2012,121,998.657,822656
Uruguay,2013,124,1659.605,1494962
Uruguay,2014,125,1098.703,697427
Uruguay,2015,116,1884.128,1663895
Uruguay,2016,118,1375.702,1179630
Uruguay,2017,105,1418.937,1008546
Uruguay,2018,104,1222.995,1186172
Uruguay,2019,90,,391.37
Uruguay,2020,103,,383.56
Uruguay,2021,81,,
Uruguay,2022,121,,
"Venezuela, Bolivarian Republic of",1969,83,21.015,
"Venezuela, Bolivarian Republic of",1970,64,23.934,234349
"Venezuela, Bolivarian Republic of",1971,106,39.094,519919
"Venezuela, Bolivarian Republic of",1972,172,24.654,146186
"Venezuela, Bolivarian Republic of",1973,250,45.508,144671
"Venezuela, Bolivarian Republic of",1974,116,17.463,129978
"Venezuela, Bolivarian Republic of",1975,100,25.752,100662
"Venezuela, Bolivarian Republic of",1976,171,33.932,91267
"Venezuela, Bolivarian Republic of",1977,214,63.923,85997
"Venezuela, Bolivarian Republic of",1978,140,25.337,39842
"Venezuela, Bolivarian Republic of",1979,145,23.268,50016
"Venezuela, Bolivarian Republic of",1980,195,67.964,315313
"Venezuela, Bolivarian Republic of",1981,129,29.562,255919
"Venezuela, Bolivarian Republic of",1982,102,14.869,329603
"Venezuela, Bolivarian Republic of",1983,67,17.417,418170
"Venezuela, Bolivarian Republic of",1984,73,12.134,108303
"Venezuela, Bolivarian Republic of",1985,99,12.945,95800
"Venezuela, Bolivarian Republic of",1988,2,,
"Venezuela, Bolivarian Republic of",1989,6,,
"Venezuela, Bolivarian Republic of",1990,7,,
"Venezuela, Bolivarian Republic of",1992,15,,
"Venezuela, Bolivarian Republic of",1993,5,,
"Venezuela, Bolivarian Republic of",1994,1,,
"Venezuela, Bolivarian Republic of",1997,1,,
"Venezuela, Bolivarian Republic of",1999,35,,
"Venezuela, Bolivarian Republic of",2000,32,,
"Venezuela, Bolivarian Republic of",2001,27,,
"Venezuela, Bolivarian Republic of",2002,35,,
Zambia,1969,159,16.944,20773
Zambia,1970,128,17.04,122951
Zambia,1971,127,14.964,18894
Zambia,1972,74,10.453,20874
Zambia,1973,68,9.892,6453
Zambia,1974,60,7.725,38334
Zambia,1975,78,17.121,51003
Zambia,1976,59,5.619,6527
Zambia,1977,51,9.166,15990
Zambia,1978,50,42.067,297331
Zambia,1979,44,10.846,42916
Zambia,1980,121,28.434,79896
Zambia,1981,156,76.776,556408
Zambia,1982,39,4.056,7702
Zambia,1983,54,9.217,8170
Zambia,1984,507,27.75,31382
Zambia,1985,50,23.749,66176
Zambia,1986,35,5.344,8932
Zambia,1987,70,19.437,154325
Zambia,1988,39,9.794,51009
Zambia,1989,69,19.963,32173
Zambia,1990,103,51.606,219375
Zambia,1991,102,31.788,258061
Zambia,1992,91,25.658,110713
Zambia,1993,31,9.581,23568
Zambia,1994,35,13.165,37266
Zambia,1995,24,8.228,24226
Zambia,1996,36,10.606,37148
Zambia,1997,60,20.513,81707
